{
  "description": "AffinityPropagation on 3-blob dataset",
  "random_state": 42,
  "input": {
    "X": [
      [
        -3.3038379287033086,
        9.784187277868355,
        4.785495160250162,
        3.4261371697400658
      ],
      [
        -3.407639341141007,
        -9.681007382163568,
        -7.80893747107424,
        4.904449108714226
      ],
      [
        -5.941126169503761,
        -8.16584592790037,
        -10.444666503727678,
        8.047231538363482
      ],
      [
        3.0452296918066217,
        3.6960514210307247,
        -9.102060585351287,
        9.202982461688359
      ],
      [
        5.205534530383126,
        5.710149446747629,
        -11.867365063014972,
        8.671845933940508
      ],
      [
        1.3144024361800255,
        5.794877451371958,
        -9.491890085440756,
        7.781579876345926
      ],
      [
        2.8429463066192326,
        3.858162577270068,
        -9.914831918924781,
        11.046362321220672
      ],
      [
        0.5132741626146227,
        2.3401686367393104,
        -7.85114380383385,
        10.58569108418429
      ],
      [
        -6.86012435333441,
        -4.699808477539971,
        -9.235313006492945,
        11.40377666538313
      ],
      [
        -1.993770188700058,
        6.369725895154221,
        5.126004790320294,
        1.3955462633162572
      ],
      [
        1.1382530994478584,
        5.435854701452445,
        -9.05278688513638,
        8.358832650348905
      ],
      [
        -8.473082761740427,
        -6.169720947323174,
        -10.217464107986714,
        9.648424523025012
      ],
      [
        0.9493446709742233,
        5.180848179322923,
        -10.683860061659656,
        9.722884927612848
      ],
      [
        -1.2904088894614532,
        11.048646171054557,
        4.5318636538576005,
        3.4784690307787685
      ],
      [
        2.167794182353253,
        5.054187094076279,
        -10.81564113893416,
        12.536777956768077
      ],
      [
        -6.558486574955964,
        -8.74871776134393,
        -8.578556367859237,
        7.901498985091958
      ],
      [
        -3.5245806235116883,
        9.931800561459623,
        6.186378119972028,
        3.3700898626150297
      ],
      [
        5.221850296848576,
        1.2333198566371562,
        -9.815987756637327,
        10.28067285296675
      ],
      [
        -7.2477093651555755,
        -8.010713839812182,
        -10.172599401074295,
        6.099807488050546
      ],
      [
        -4.632253736128371,
        8.383318144050284,
        4.125807061437947,
        0.7697537801083036
      ],
      [
        0.6319045274970512,
        4.072163521828209,
        -14.450211124187561,
        7.861615581238452
      ],
      [
        -8.054507129655626,
        -7.36320186758446,
        -7.6180519305815055,
        5.477226440847771
      ],
      [
        -6.538437289245076,
        -4.919395461852305,
        -11.249552608477853,
        7.600473703297159
      ],
      [
        0.8335191272151246,
        3.9893468937205605,
        -8.830829195613266,
        10.696829834495068
      ],
      [
        -6.342946150628845,
        -6.038932803723595,
        -7.213750891873095,
        8.904225993551059
      ],
      [
        0.22185562428051142,
        3.6596997021594864,
        -10.300728080825385,
        8.418203194379318
      ],
      [
        -6.107055661692199,
        -1.1010123572938646,
        -7.98199199059626,
        9.026871375769602
      ],
      [
        -3.7219380273925315,
        8.261650562821517,
        6.012982012781213,
        2.4662963484302587
      ],
      [
        4.670481595285821,
        4.768924122362343,
        -11.479636045586519,
        10.77498996382205
      ],
      [
        -5.999341550450865,
        -3.5944261545609786,
        -10.324132244332043,
        6.474076321094545
      ],
      [
        -6.931694845709135,
        -8.633126649705245,
        -7.12409353486348,
        8.451422464528864
      ],
      [
        2.1925762527410475,
        5.154647567702479,
        -7.209284889865923,
        7.541473794999613
      ],
      [
        3.92266695864411,
        3.099947357492738,
        -8.922580971864608,
        10.560148123383891
      ],
      [
        -4.0284443035543855,
        9.485657127091232,
        3.2778427229462848,
        -0.14528586806220511
      ],
      [
        3.371700048014052,
        4.622400837235823,
        -8.369016935825512,
        10.342640306125304
      ],
      [
        -2.1228720369686034,
        8.902617254549071,
        1.761722013279539,
        1.9333988707669068
      ],
      [
        -4.726980608603891,
        7.934519815606259,
        3.94892067978842,
        3.558853023269106
      ],
      [
        3.767045863096615,
        4.1768011474502895,
        -11.060573090655877,
        10.091352254634792
      ],
      [
        -5.448624545911467,
        -5.90302271631725,
        -9.311231623596528,
        8.461976746238605
      ],
      [
        -6.730150143519809,
        -7.635323074450246,
        -11.16432290323521,
        7.426367377707744
      ],
      [
        -3.4101556579309578,
        8.576745503508405,
        3.7373189178840063,
        4.751586960704138
      ],
      [
        -6.096714842725923,
        -6.4346325834261675,
        -8.462588481117196,
        7.8431952297441665
      ],
      [
        -0.310724469670419,
        8.675621677468518,
        4.7411711432599875,
        -0.1639525953794534
      ],
      [
        -2.751126190551764,
        9.620362413420128,
        7.469157688043897,
        2.2350364031884906
      ],
      [
        1.6434480077744351,
        2.2897767829736346,
        -7.139693158186498,
        7.2529849762989365
      ],
      [
        1.3622335048187,
        4.357562421850046,
        -7.426400180484778,
        7.244403816470727
      ],
      [
        -3.5622772638687787,
        8.52279290830167,
        4.051716606529865,
        -0.22210273825744586
      ],
      [
        -3.2134092019551783,
        9.828126193577269,
        3.944752297009408,
        1.2745750535853468
      ],
      [
        -7.214821369140046,
        -5.8091088521378085,
        -8.128471319775693,
        7.214279546513394
      ],
      [
        -8.20541334545297,
        -6.649521934357654,
        -8.75101467896701,
        5.609067468752769
      ],
      [
        -2.195902230545617,
        6.074780942378658,
        2.6475997628804557,
        2.2684615377444173
      ],
      [
        -2.838705454809018,
        9.549954985465941,
        6.856719903340375,
        1.195764356530261
      ],
      [
        -4.080965424434135,
        -6.169360211908265,
        -10.625283002439984,
        8.308353328449448
      ],
      [
        -7.899664273519006,
        -6.531729047534442,
        -8.398719046687988,
        6.251995788459151
      ],
      [
        -5.6930792705867,
        -8.244190775468056,
        -6.734136290231861,
        5.220746321310282
      ],
      [
        2.4437880364667244,
        3.227402276190018,
        -9.900493489619864,
        8.658695641251636
      ],
      [
        -2.1462542157036992,
        6.144365761211625,
        2.052502087458552,
        1.129738390079273
      ],
      [
        -2.4188523081412105,
        12.70914929692625,
        4.351337389056417,
        2.4254906974411505
      ],
      [
        -8.946131243086906,
        -8.286847153148631,
        -8.06577485582302,
        8.094201841867017
      ],
      [
        2.3208897782243807,
        3.261126240182717,
        -9.483606986598923,
        8.820226647947246
      ],
      [
        1.9909478439179535,
        4.337442630884082,
        -7.6718127704013135,
        8.510839959986141
      ],
      [
        -5.434562997284788,
        -6.260938202871199,
        -7.605237516644276,
        10.168712389479625
      ],
      [
