{
  "description": "BisectingKMeans with k=3",
  "random_state": 42,
  "input": {
    "X": [
      [
        -3.038957826819789,
        9.527553561311677,
        4.736956385576142,
        2.9418146744736213
      ],
      [
        -4.564968624477761,
        -8.747374785867695,
        -8.152067566261497,
        5.7108070443090515
      ],
      [
        -6.253959843386264,
        -7.737267149692229,
        -9.909220254697123,
        7.805995330741888
      ],
      [
        2.7042532061591396,
        3.851184799327453,
        -9.26414376159551,
        9.268053988872202
      ],
      [
        4.144456431876809,
        5.193916816472056,
        -11.107680080037964,
        8.913962970373635
      ],
      [
        1.550368369074742,
        5.250402152888275,
        -9.524030094988488,
        8.32045226531058
      ],
      [
        2.5693976160342133,
        3.9592589034870147,
        -9.805991317311172,
        10.496973895227075
      ],
      [
        1.0162828533644737,
        2.9472629431331767,
        -8.430199240583883,
        10.189859737202822
      ],
      [
        -6.866625299273363,
        -5.42657551611863,
        -9.102984589873966,
        10.043692082088322
      ],
      [
        -2.1655793334842888,
        7.251245972835587,
        4.963962805622897,
        1.5880874035244155
      ],
      [
        1.4329354779199641,
        5.011053652941934,
        -9.231294628118905,
        8.705287447979233
      ],
      [
        -7.941930904877375,
        -6.406517162640765,
        -9.757751990869814,
        8.873457320516243
      ],
      [
        1.3069965256042075,
        4.841049304855584,
        -10.318676745801088,
        9.614655632821862
      ],
      [
        -1.6966718006585522,
        10.370526156769145,
        4.5678687146477674,
        2.976702581832756
      ],
      [
        2.119296199856894,
        4.756608581357822,
        -10.406530797317423,
        11.490584318925347
      ],
      [
        -6.665533447021066,
        -8.125848371987935,
        -8.665146830784828,
        7.70884029522754
      ],
      [
        -3.186119623358709,
        9.62596241703919,
        5.670878358724052,
        2.904449803056931
      ],
      [
        4.155333609520442,
        2.2093637563984068,
        -9.740095209119534,
        9.986514249724463
      ],
      [
        -7.125015307154141,
        -7.633845757633436,
        -9.727842186261533,
        6.507712630533264
      ],
      [
        -3.9245683651031644,
        8.593640805432962,
        4.297164319701332,
        1.170892414719113
      ],
      [
        1.0953697632860928,
        4.101926199859109,
        -12.829577454153023,
        8.373809401905596
      ],
      [
        -7.662880483487507,
        -7.202171109481622,
        -8.02481053926634,
        6.092658599064748
      ],
      [
        -6.65216725654714,
        -5.572966838993518,
        -10.445810991197238,
        7.508156774031008
      ],
      [
        1.229779496431475,
        4.04671511445401,
        -9.083322835103495,
        10.263952237410008
      ],
      [
        -6.521839830802987,
        -6.319325066907712,
        -7.755276513460734,
        8.377324967533607
      ],
      [
        0.8220038278083994,
        3.8269503200799604,
        -10.063255425244908,
        8.744867810666173
      ],
      [
        -6.3645795048452225,
        -3.0273781026212254,
        -8.267437245942844,
        8.459088555679301
      ],
      [
        -3.317691225945938,
        8.512529084613785,
        5.5552809539301755,
        2.3019207936004165
      ],
      [
        3.7877544751452725,
        4.566433266881864,
        -10.849194068418996,
        10.316058990294662
      ],
      [
        -6.292770097351,
        -4.6896539674659685,
        -9.8288640817667,
        6.757225185895932
      ],
      [
        -6.914338960856513,
        -8.048787630895479,
        -7.69550494212099,
        8.075455948185477
      ],
      [
        2.1358175801154236,
        4.823582230441955,
        -8.0022932979386,
        8.160381544413037
      ],
      [
        3.289211384050798,
        3.453782090302128,
        -9.144490685937722,
        10.172831096669222
      ],
      [
        -3.5220287433871738,
        9.328533460793595,
        3.7318547607068906,
        0.5608659826054405
      ],
      [
        2.9219001102974262,
        4.468751076797518,
        -8.77544799524499,
        10.027825885163498
      ],
      [
        -2.2516472323299856,
        8.939840212432154,
        2.72110762092906,
        1.946655808491515
      ],
      [
        -3.9877196134201776,
        8.294441919803614,
        4.1792400652683135,
        3.0302919101596477
      ],
      [
        3.1854639870191352,
        4.171684616940496,
        -10.569818765131902,
        9.860300517503157
      ],
      [
        -5.925625427658067,
        -6.228718341970149,
        -9.153597001276356,
        8.08249213599197
      ],
      [
        -6.7799758260636285,
        -7.383585247392146,
        -10.388991187702143,
        7.39208589030473
      ],
      [
        -3.109836312971555,
        8.722592378405045,
        4.038172223998704,
        3.82544786844967
      ],
      [
        -6.357685625534373,
        -6.583124920042761,
        -8.587834906290134,
        7.669971124995679
      ],
      [
        -1.0435488541311961,
        8.788509827711787,
        4.707407040916025,
        0.5484214977272752
      ],
      [
        -2.6704833347187593,
        9.41833698501286,
        6.526064737438632,
        2.147747496772571
      ],
      [
        1.7697320834710153,
        2.9136683739560594,
        -7.955898810152316,
        7.968055665279254
      ],
      [
        1.582255748167192,
        4.292192133207,
        -8.147036825017835,
        7.962334892060447
      ],
      [
        -3.2112507169301026,
        8.686623981600553,
        4.247770683095943,
        0.5096547358086134
      ],
      [
        -2.978672008987702,
        9.556846171784287,
        4.176461143415639,
        1.507439930370475
      ],
      [
        -7.103089976477121,
        -6.1661090991838545,
        -8.365090132062466,
        7.25069400284183
      ],
      [
        -7.763484627352403,
        -6.726384487330419,
        -8.78011903819001,
        6.18055261766808
      ],
      [
        -2.300334028047995,
        7.054616004318546,
        3.3116927873296707,
        2.1700309198098555
      ],
      [
        -2.728869510890262,
        9.371398699710069,
        6.117772880969618,
        1.4548994656670846
      ],
      [
        -5.013852680006513,
        -6.406276672364159,
        -10.029631253838659,
        7.980076524132533
      ],
      [
        -7.559651912729761,
        -6.647855896114943,
        -8.54525528333733,
        6.609171497472335
      ],
      [
        -6.088595244108223,
        -7.789497048070686,
        -7.435533445699911,
        5.921671852706423
      ],
      [
        2.303292102599208,
        3.5387520361003153,
        -9.796432364441227,
        8.905196108581054
      ],
      [
        -2.267235351486716,
        7.101005883540523,
        2.9149610037150686,
        1.4108821546997592
      ],
      [
        -2.4489674131117236,
        11.477528240683608,
        4.447517871446979,
        2.2747170262743444
      ],
      [
        -8.257296559108362,
        -7.8179346331910695,
        -8.32329248942735,
        7.837308866410912
      ],
      [
        2.2213599304376457,
        3.5612346787621143,
        -9.518508029093931,
        9.012883446378126
      ],
      [
        2.0013986409000277,
        4.27877893922969,
        -8.310645218295527,
        8.806625654404057
      ],
      [
        -5.916251061906948,
        -6.467328666339449,
        -8.016267596641521,
        9.22031589815265
      ],
      [
        -3.348415146275389,
        8.705073752347108,
