{
  "description": "DummyClassifier most_frequent on 3-class",
  "random_state": 42,
  "input": {
    "X": [
      [
        0.021002450881151935,
        0.40498171096095553,
        -2.7280630727007686,
        -0.412291916973192
      ],
      [
        -0.8979605005403122,
        -0.7925207384327007,
        1.4562049816971978,
        0.5418026022210152
      ],
      [
        -0.08394561709154258,
        2.1330333746562666,
        -0.49458797545372546,
        -3.7517581767891373
      ],
      [
        -0.8254124205664748,
        -0.6002168771587947,
        0.4613052175036405,
        -0.02453842578825871
      ],
      [
        2.5064793223422,
        -3.2412673400690726,
        2.3894714673071915,
        2.7829286219834293
      ],
      [
        -1.432807205730894,
        -0.48423407286625136,
        -1.7996605820207563,
        -0.932043631484972
      ],
      [
        1.1290743196443587,
        0.44381942814622843,
        -0.11668981496440622,
        1.2744343088412589
      ],
      [
        0.05386152191214122,
        0.19905969557347003,
        -0.6934438866122574,
        -0.8259339137772588
      ],
      [
        3.6889448578361046,
        1.6324113039316352,
        0.8924339270767454,
        -1.6277560972894145
      ],
      [
        1.1345862038419776,
        0.7746340534293368,
        0.9092525744915312,
        1.2140114231220305
      ],
      [
        -1.0963907456349078,
        1.0324652605511468,
        0.07500892550276705,
        -0.9523150799926104
      ],
      [
        -0.1167296613455292,
        -1.237815498826849,
        -1.1182326375457472,
        -1.3480942490197312
      ],
      [
        0.9244887896030873,
        -0.7076694656187807,
        0.915001051788334,
        0.8952747357720063
      ],
      [
        -0.25319645409250646,
        -1.4358621511794394,
        -1.9250215045481571,
        -1.3662402284776995
      ],
      [
        -0.7297865221309413,
        -0.11473644146689901,
        -0.060890477168833,
        1.0399552294326102
      ],
      [
        -0.8242777338881102,
        -1.9520877995225019,
        1.8062904431580376,
        -0.20244713922056146
      ],
      [
        -0.7435588064500624,
        -0.7153037092599682,
        -1.3220441420291782,
        0.44088469130070207
      ],
      [
        -2.665549487149085,
        -0.4749453111609562,
        0.38876495344146567,
        -0.7917627555236048
      ],
      [
        -0.8703019025620471,
        0.11351734525124804,
        -0.34568233474070365,
        -2.6423596418782327
      ],
      [
        0.3848845314747471,
        0.46210347426327075,
        -1.2533976325257052,
        -0.6033615729586514
      ],
      [
        -0.16975415243816405,
        -0.05952535606180008,
        -0.23924800373073007,
        -0.3780035149954555
      ],
      [
        1.1847867932678668,
        -0.9815086510479509,
        -0.5752540776433894,
        -0.84617886328478
      ],
      [
        -1.6360966668574015,
        0.6621306745210467,
        2.8341756658537376,
        -0.0009161766780202418
      ],
      [
        -3.913230043128119,
        0.21645858958197486,
        -2.592297425566199,
        0.8743513136870744
      ],
      [
        0.9313688062263643,
        0.9178619470547761,
        -1.2242755800983058,
        -1.3245090003695252
      ],
      [
        -1.5901784825951548,
        0.6795977489346758,
        -2.156747953806648,
        -2.5865078000979547
      ],
      [
        1.3167210792068915,
        -1.4301413779606327,
        -1.153613570010604,
        -1.3398590660178196
      ],
      [
        -0.810707929819459,
        -1.2608839543350452,
        -1.2116060754559217,
        -0.9547826829888654
      ],
      [
        -0.042423949174063114,
        0.06980208499001891,
        0.4965442450775741,
        -2.1461669465633797
      ],
      [
        -0.1467362734598674,
        1.4412732890661155,
        -1.8602390535531437,
        -1.08466690731879
      ],
      [
        -1.5620464659171107,
        -0.3345012358409484,
        -0.04392040203741954,
        1.3049844606563412
      ],
      [
        -2.3794596364568443,
        -0.6533292325737119,
        -0.9918420161925264,
        -1.010113096749889
      ],
      [
        0.48821575155863806,
        0.06428001909546277,
        -1.3722934609549133,
        2.0694550149455946
      ],
      [
        0.5667570928567034,
        -0.6516003476058171,
        -0.6573555284729546,
        0.4544140491406604
      ],
      [
        -1.9113730851720718,
        -1.2002964070557762,
        1.8645421814822507,
        0.09115982086987029
      ],
      [
        -0.5021938966642232,
        -0.3853135968617602,
        0.9684581296291418,
        -2.090026372409254
      ],
      [
        -0.7541979903507874,
        1.586016816145352,
        0.6698925422246174,
        -1.4042854086484864
      ],
      [
        0.6580590418412675,
        -1.0777447779293061,
        -0.27996806553319487,
        1.7376768435309435
      ],
      [
        -2.2069132243724923,
        2.1221561970126332,
        -1.9110820887491713,
        -0.9976343675088575
      ],
      [
        1.3419141575699445,
        0.010233061019587049,
        -0.9367592926147486,
        -0.49014239994373876
      ],
      [
        2.093803872543244,
        -1.2477831819648495,
        0.34106375073247364,
        2.4010126565614485
      ],
      [
        -1.4672138709496816,
        -0.661786464768388,
        1.6285808094096854,
        0.6716790868067202
      ],
      [
        -0.0660670664000852,
        0.045571839903813784,
        -0.4923403144989861,
        -0.6692355079600596
      ],
      [
        0.867219465789296,
        -1.0243876413342898,
        0.13474981235988537,
        0.846488758229528
      ],
      [
        -0.046334074829958105,
        0.5049872789804571,
        1.068768367718419,
        1.1554461040386377
      ],
      [
        -0.8337198815243578,
        0.13074057728609134,
        -1.647053744017351,
        -0.2681395061563776
      ],
      [
        -0.2924878214067209,
        0.6339190223180112,
        0.7871294707531264,
        1.5445744619733555
      ],
      [
        -1.8241961591852276,
        2.1439440893253257,
        -1.366940997296692,
        -0.30616931447899787
      ],
      [
        0.4636719432497214,
        0.18645431476942764,
        -1.2939498899305932,
        2.405472678753225
      ],
      [
        0.4508531572087001,
        1.1631637521549596,
        -1.9144500143520882,
        -1.6684525732872377
      ],
      [
        -1.3452957056913843,
        0.8657551941701215,
        1.0330139732753494,
        1.21949287674279
      ],
      [
        -0.7089371128824837,
        -2.025142586657607,
        0.747093743407077,
        1.699857781623296
      ],
      [
        1.4510216722723088,
        -0.44004448669698376,
        -1.6202126177666532,
        -1.814894938641248
      ],
      [
        -0.8959201270447423,
        -1.5193699659540134,
        -0.49790496999931777,
        -1.06478486582686
      ],
      [
        -2.4155367525693623,
        1.7654542402810969,
        0.5310415151018608,
        -0.8746070234506924
      ],
      [
        0.584068695733392,
        -0.926930471578083,
        2.084720968215988,
        0.3502981031495711
      ],
      [
        -3.0715065312589593,
        -0.7303666317171367,
        -1.8434038424491348,
        -0.41313540085846734
      ],
      [
        0.20919558151649764,
        1.2669111491866227,
        0.18043714258453913,
        0.08833500210450473
      ],
      [
        -0.9627728971684036,
        0.852433334796224,
        -0.3326876037828652,
        1.7642976534816843
      ],
      [
        1.1631599743314172,
        -0.2525681513931603,
        2.5818175629539546,
        1.0826505795750065
      ]
    ],