{
  "description": "ExtraTreesRegressor ensemble",
  "random_state": 42,
  "input": {
    "X": [
      [
        0.822544912103189,
        -0.013497224737933921,
        -1.0577109289559004,
        1.8522781845089378,
        -0.6017066122293969
      ],
      [
        -0.20219265243389406,
        -0.5915713888358299,
        0.5470973811700379,
        1.277664895788425,
        0.117327383308782
      ],
      [
        -0.6451197546051243,
        1.0035328978920242,
        0.36163602504763415,
        -0.07201012158033385,
        1.356240028570823
      ],
      [
        -0.020901593964148132,
        0.7472936051232618,
        0.6103702654334648,
        -0.5601810401969696,
        -0.8289950109220723
      ],
      [
        -0.23415337472333597,
        0.6476885381006925,
        1.5230298564080254,
        -0.13826430117118466,
        0.4967141530112327
      ],
      [
        -0.19236096478112252,
        0.06023020994102644,
        2.463242112485286,
        -0.026513875449216878,
        -1.9187712152990415
      ],
      [
        0.6795977489346758,
        -1.0777447779293061,
        -0.7153037092599682,
        0.06428001909546277,
        1.088950596967366
      ],
      [
        -0.9194242342338032,
        -1.0623037137261049,
        0.4735924306351816,
        0.06856297480602733,
        -1.5506634310661327
      ],
      [
        0.6283455092642799,
        0.7916626939629359,
        0.6241198170521551,
        1.1581108735000678,
        -1.2141886127877322
      ],
      [
        -1.9875689146008928,
        -0.29900735046586746,
        0.0917607765355023,
        0.08704706823817122,
        0.8219025043752238
      ],
      [
        0.13074057728609134,
        -1.4301413779606327,
        -0.44004448669698376,
        1.6324113039316352,
        -1.2477831819648495
      ],
      [
        -0.5443827245251827,
        0.06752820468792384,
        -1.4247481862134568,
        -0.22577630048653566,
        1.465648768921554
      ],
      [
        0.9755451271223592,
        -0.3092123758512146,
        0.33126343140356396,
        -0.8392175232226385,
        0.9312801191161986
      ],
      [
        -0.21344715171184725,
        -1.4074637743765552,
        -0.718444221252436,
        -1.4480843414973241,
        0.2320499373576363
      ],
      [
        2.720169166589619,
        1.4535340771573169,
        -0.2646568332379561,
        0.01300189187790702,
        0.8271832490360238
      ],
      [
        0.9751197334177512,
        0.07580455819372633,
        -0.6771617115121117,
        -0.8972543714858315,
        -0.012246772846914623
      ],
      [
        1.305478807154329,
        0.8254163489880298,
        0.8135096360006385,
        1.09877685198719,
        -0.2176812032272203
      ],
      [
        0.25988279424842353,
        -1.6074832345612275,
        0.1846338585323042,
        1.307142754282428,
        0.22745993460412942
      ],
      [
        -0.2525681513931603,
        -3.2412673400690726,
        -1.0243876413342898,
        -0.05952535606180008,
        -0.926930471578083
      ],
      [
        0.852433334796224,
        0.18645431476942764,
        -0.661786464768388,
        -2.025142586657607,
        0.6339190223180112
      ],
      [
        0.35701548596504734,
        -0.5893647569442115,
        0.8496020970210246,
        -0.4930009346588328,
        -0.20812225035727522
      ],
      [
        -0.4710383056183228,
        0.24496657110872277,
        -0.5069431753711298,
        0.2436872114919123,
        -0.8222203955664315
      ],
      [
        -0.01901620790268883,
        0.8576596232020194,
        -0.1599385299634271,
        1.475356216949552,
        0.3109075655980046
      ],
      [
        1.179440120721287,
        -1.3202332070206422,
        1.8314587658543537,
        0.4919191715065057,
        -0.898414671348358
      ],
      [
        0.6565536086338297,
        0.4738329209117875,
        -1.1913034972026486,
        1.8657745111447566,
        -0.7143514180263678
      ],
      [
        1.2378163119734618,
        1.3538723741654128,
        -0.11453984525261789,
        -1.7131345290908775,
        -0.4691756521047048
      ],
      [
        -0.3152692446403456,
        0.9540017634932023,
        0.651391251305798,
        1.135565640180599,
        0.570890510693167
      ],
      [
        2.1531824575115563,
        1.4511436077950417,
        0.9592708260852069,
        0.49799829124544975,
        0.024510174258942714
      ],
      [
        -0.5769036556624031,
        1.8761708392158862,
        0.9504238381860503,
        0.34175597577715944,
        0.15039378647620763
      ],
      [
        -0.23458713337514692,
        0.26105527217988933,
        0.00511345664246089,
        0.29612027706457605,
        -1.4635149481321186
      ],
      [
        0.5425600435859647,
        0.7674347291529088,
        -0.4694743859349521,
        1.5792128155073915,
        -0.23413695694918055
      ],
      [
        0.6296288419236122,
        0.30729952087660933,
        0.8128621188389601,
        0.8995998754332507,
        -0.6929095952606542
      ],
      [
        0.27669079933001905,
        -0.0771017094141042,
        0.3411519748166439,
        -0.8158102849654383,
        -0.8895144296255233
      ],
      [
        -1.5148472246858646,
        -0.07282891265687277,
        -0.846793718068405,
        0.47323762457354485,
        0.714000494092092
      ],
      [
        -0.8082982853551515,
        0.18334200573835174,
        2.1898029332176723,
        0.8723206367206782,
        -0.7673475628880495
      ],
      [
        -1.7249178325130328,
        0.24196227156603412,
        -1.913280244657798,
        -0.46572975357025687,
        -0.46341769281246226
      ],
      [
        -1.4785219903674274,
        -0.11564828238824053,
        -0.3011036955892888,
        0.1713682811899705,
        0.7384665799954104
      ],
      [
        0.7519330326867741,
        -1.168678037619532,
        1.1428228145150205,
        -0.03471176970524331,
        0.30154734233361247
      ],
      [
        0.29307247329868125,
        -0.6800247215784908,
        0.23225369716100355,
        0.3464482094969757,
        0.25049285034587654
      ],
      [
        -0.6226995198205938,
        0.5883172064845765,
        0.28099186773503265,
        -0.15178509503558332,
        -1.9520877995225019
      ],
      [
        1.030999522495951,
        -0.6769220003059587,
        0.6116762888408679,
        -0.38508228041631654,
        0.324083969394795
      ],
      [
        0.29698467323318606,
        -1.3204566130842763,
        0.5219415656168976,
        -1.236950710878082,
        0.7818228717773104
      ],
      [
        -1.4123037013352915,
        0.3142473325952739,
        -0.9080240755212109,
        -1.0128311203344238,
        -0.5622875292409727
      ],
      [
        -1.5193699659540134,
        2.1221561970126332,
        1.0324652605511468,
        0.9178619470547761,
        -1.2608839543350452
      ],
      [
        0.40498171096095553,
        -0.6533292325737119,
        1.7654542402810969,
        -0.4749453111609562,
        -0.3345012358409484
      ],
      [
        -0.16128571166600914,
        -0.3427145165267695,
        -0.8022772692216189,
        -0.42064532276535904,
        -1.4153707420504142
      ],
      [
        -0.07444591576616721,
        0.17457781283183896,
        0.25755039072276437,
        1.8861859012105302,
        0.4040508568145384
      ],
      [
        0.9633761292443218,
        1.158595579007404,
        -0.8206823183517105,
        0.787084603742452,
        -0.9746816702273214
      ],
      [
        -0.3853135968617602,
        -0.6002168771587947,
        0.06980208499001891,
        0.19905969557347003,
        0.46210347426327075
      ],
      [
        -0.9815086510479509,
        1.1631637521549596,
        0.010233061019587049,
