{
  "description": "GaussianProcessRegressor with RBF kernel",
  "random_state": 42,
  "input": {
    "X": [
      [
        0.822544912103189,
        -1.2208436499710222,
        -0.013497224737933921,
        -1.0577109289559004
      ],
      [
        0.9154021177020741,
        0.32875110965968446,
        -0.8084936028931876,
        -0.5017570435845365
      ],
      [
        -0.46341769281246226,
        -0.46572975357025687,
        -0.4694743859349521,
        0.5425600435859647
      ],
      [
        0.36139560550841393,
        1.5380365664659692,
        0.36163602504763415,
        -0.6451197546051243
      ],
      [
        -1.236950710878082,
        -1.3204566130842763,
        0.25988279424842353,
        0.7818228717773104
      ],
      [
        -1.5506634310661327,
        0.06856297480602733,
        0.09965136508764122,
        -0.5034756541161992
      ],
      [
        1.4027943109360992,
        -1.4018510627922809,
        0.7910319470430469,
        -0.9093874547947389
      ],
      [
        1.1428228145150205,
        0.7519330326867741,
        -0.03471176970524331,
        -1.168678037619532
      ],
      [
        1.8861859012105302,
        0.17457781283183896,
        -0.16128571166600914,
        0.4040508568145384
      ],
      [
        -1.9187712152990415,
        -0.026513875449216878,
        0.25755039072276437,
        -0.07444591576616721
      ],
      [
        -0.9080240755212109,
        -1.4123037013352915,
        -1.0128311203344238,
        0.3142473325952739
      ],
      [
        0.09707754934804039,
        0.9686449905328892,
        -0.5297602037670388,
        0.5132674331133561
      ],
      [
        -0.11564828238824053,
        -0.3011036955892888,
        0.7384665799954104,
        0.1713682811899705
      ],
      [
        -0.9905363251306883,
        -0.5662977296027719,
        0.5868570938002703,
        2.1904556258099785
      ],
      [
        1.477894044741516,
        -0.5182702182736474,
        -0.21967188783751193,
        0.3571125715117464
      ],
      [
        0.06752820468792384,
        -1.4247481862134568,
        1.465648768921554,
        -0.22577630048653566
      ],
      [
        -1.3281860488984305,
        0.19686123586912352,
        0.2088635950047554,
        -1.9596701238797756
      ],
      [
        -0.07201012158033385,
        1.0035328978920242,
        0.812525822394198,
        1.356240028570823
      ],
      [
        -1.1913034972026486,
        0.6565536086338297,
        1.8657745111447566,
        0.4738329209117875
      ],
      [
        1.5792128155073915,
        0.7674347291529088,
        -0.23415337472333597,
        -0.23413695694918055
      ],
      [
        0.33126343140356396,
        0.9755451271223592,
        -0.8392175232226385,
        -0.3092123758512146
      ],
      [
        -2.6197451040897444,
        0.8219025043752238,
        -0.03582603910995154,
        1.5646436558140062
      ],
      [
        -0.4606387709597875,
        1.0571222262189157,
        -1.4785219903674274,
        -0.7198442083947086
      ],
      [
        0.25049285034587654,
        0.3464482094969757,
        0.5219415656168976,
        0.29698467323318606
      ],
      [
        -1.1063349740060282,
        -1.1962066240806708,
        -0.47917423784528995,
        -0.18565897666381712
      ],
      [
        1.030999522495951,
        0.9312801191161986,
        -0.6769220003059587,
        0.6116762888408679
      ],
      [
        -0.6017066122293969,
        1.8522781845089378,
        -0.600638689918805,
        -0.2916937497932768
      ],
      [
        0.6476885381006925,
        1.5230298564080254,
        0.4967141530112327,
        -0.13826430117118466
      ],
      [
        0.0917607765355023,
        -1.9875689146008928,
        0.08704706823817122,
        -0.29900735046586746
      ],
      [
        -0.9194242342338032,
        1.5499344050175394,
        -1.0623037137261049,
        0.4735924306351816
      ],
      [
        -1.7249178325130328,
        -0.5622875292409727,
        0.24196227156603412,
        -1.913280244657798
      ],
      [
        -1.6074832345612275,
        0.1846338585323042,
        0.22745993460412942,
        1.307142754282428
      ],
      [
        -1.1509935774223028,
        0.37569801834567196,
        -0.5443827245251827,
        0.11092258970986608
      ],
      [
        0.324083969394795,
        -0.38508228041631654,
        0.3436182895684614,
        -1.763040155362734
      ],
      [
        -0.39210815313215763,
        -1.4635149481321186,
        -0.7020530938773524,
        -0.3276621465977682
      ],
      [
        0.00511345664246089,
        -0.23458713337514692,
        0.29612027706457605,
        0.26105527217988933
      ],
      [
        0.8135172173696698,
        -1.2308643164339552,
        -0.7832532923362371,
        -0.3220615162056756
      ],
      [
        -0.3427145165267695,
        -0.8022772692216189,
        -1.4153707420504142,
        -0.42064532276535904
      ],
      [
        -0.19236096478112252,
        0.30154734233361247,
        0.06023020994102644,
        2.463242112485286
      ],
      [
        0.29307247329868125,
        -0.7143514180263678,
        -0.6800247215784908,
        0.23225369716100355
      ]
    ],
    "y": [
      -90.43239230192752,
      -15.083829423578866,
      -70.32652027155497,
      136.9367530639607,
      -101.7285224133181,
      -50.27671063712996,
      -24.222257107095626,
      62.995120711594765,
      72.46350093101447,
      -47.754374450058094,
      -199.67511084049113,
      49.963542365214586,
      30.44509760814056,
      19.295973481069634,
      2.207742750775778,
      -5.210297645681629,
      -60.10766030857544,
      162.675299527322,
      154.4697896160007,
      86.48636362521803,
      16.47307802149719,
      10.570371570023905,
      -58.36868991766672,
      78.2866973643057,
      -163.5544219457019,
      69.51629304572319,
      68.91323138741394,
      166.95961479127507,
      -146.2307818200987,
      21.379480898579708,
      -126.07372468613988,
      8.572072366369516,
      -45.63489171671279,
      -35.555264705721385,
      -179.78912046597907,
      9.852567817009005,
      -128.82786880780634,
      -181.97224854302203,
      79.00190406431749,
      -86.60059471888384
    ]
  },
  "params": {
    "length_scale": 1.0,
    "alpha": 1e-06,
    "random_state": 42
  },
  "expected": {
    "predictions": [
      -90.43239256283344,
      -15.083765441547015,
      -70.32658571207624,
      136.93682444018464,
      -101.72847090431503,
      -50.27676080714808,
      -24.222286847751953,
      62.99504426713159,
      72.46334845361368,
      -47.7543009798644,
      -199.67487496452853,
      49.96366170265978,
      30.445039978430408,
      19.29597735423876,
      2.207828065079399,
      -5.210336387739812,
      -60.107734083177164,
      162.67516533279968,
      154.4696546591682,
      86.48642486642397,
      16.472993523201225,
      10.570349666497716,
      -58.36859093810094,
      78.28685267649107,
      -163.55447093411124,
      69.51625951574081,
      68.91315147716449,
      166.9593981467349,
      -146.230618187587,
      21.379460785860967,
      -126.07354762264336,
      8.572101244615894,
      -45.63488591097471,
      -35.55523237364987,
      -179.78925826739646,
      9.852573428497891,
      -128.82777159704284,
      -181.97209495740657,
      79.00186133398772,
      -86.6007519893733
    ],