{
  "description": "GaussianProcessClassifier with RBF kernel (binary)",
  "random_state": 42,
  "input": {
    "X": [
      [
        -0.8505505636014855,
        -2.952963456672001,
        -0.4605067224385696,
        0.3411519748166439
      ],
      [
        -1.018982070560324,
        0.058900942650484955,
        -1.1137912385236983,
        1.4535340771573169
      ],
      [
        1.7925492453760943,
        1.1631946544430218,
        0.7354755238176578,
        0.4824724152431853
      ],
      [
        -0.5834429409985373,
        -1.437421042346645,
        1.6446044327410418,
        1.8657745111447566
      ],
      [
        -0.9124069897594039,
        -1.1951067860833127,
        -1.016294622512411,
        0.27669079933001905
      ],
      [
        -0.828231147490398,
        -0.3826642452602176,
        -1.2799855432544143,
        -0.2646568332379561
      ],
      [
        -0.00257648712714853,
        -0.19703672768547564,
        -0.06756662474297204,
        -0.9746816702273214
      ],
      [
        0.6822686744777078,
        -0.3074304646430378,
        -2.737326474105073,
        0.8271832490360238
      ],
      [
        0.2172231890512072,
        1.1689649668778723,
        0.322545755292839,
        -0.07282891265687277
      ],
      [
        -0.6781824337079829,
        -1.6081953100427335,
        0.8581699967659883,
        0.3464482094969757
      ],
      [
        -0.6731248441026438,
        1.0248978663213626,
        1.1219518745851216,
        -0.8206823183517105
      ],
      [
        -1.9808460774141778,
        -2.3738459237804896,
        0.04152979982452987,
        0.01300189187790702
      ],
      [
        -2.2926540318582767,
        -0.28043633522630507,
        0.11983231373856884,
        -0.8895144296255233
      ],
      [
        -0.6457509041431231,
        -2.6699738400630184,
        1.8994891016680653,
        0.25049285034587654
      ],
      [
        -2.022080397914144,
        -1.4553638988029023,
        -0.070156323773507,
        -0.8158102849654383
      ],
      [
        -0.010442467366136743,
        2.4644289891217754,
        1.4220382864629773,
        0.787084603742452
      ],
      [
        -1.0478024188203525,
        -0.8033802379270437,
        1.4613735126726133,
        -1.1913034972026486
      ],
      [
        -0.3721045758630903,
        0.08830681265764417,
        2.646793675982445,
        -0.2234627853258509
      ],
      [
        -0.5141999631895133,
        1.5985105672258242,
        0.8564347609741286,
        0.82206015999449
      ],
      [
        -2.0458680298407144,
        1.07151867562868,
        1.538714114604094,
        -0.2453881160028705
      ],
      [
        -1.0549096415304047,
        0.4570713374275761,
        -0.8849559137914134,
        0.6565536086338297
      ],
      [
        -0.7010057874415041,
        -0.07400172238929636,
        0.39427133468878073,
        1.8967929826539474
      ],
      [
        0.6829032917102718,
        0.940060387089201,
        1.019430392212624,
        -0.8571575564162826
      ],
      [
        -1.5900602952559462,
        2.8858789089848713,
        2.367326104980634,
        0.4127809269364983
      ],
      [
        1.0633236162479782,
        -0.058896186509236115,
        1.394846339920902,
        0.6256673477650062
      ],
      [
        0.5378192628329961,
        -0.49018912201291265,
        1.5375299612536977,
        0.714000494092092
      ],
      [
        -2.0279224501297586,
        0.02311797243553171,
        -0.20303708518946462,
        -0.0771017094141042
      ],
      [
        -0.8222358047525579,
        -1.658310938067994,
        1.7576570054477885,
        -0.6800247215784908
      ],
      [
        0.6276202058204846,
        0.7735808576040448,
        2.294070630412043,
        -0.846793718068405
      ],
      [
        -1.445112649239497,
        -2.045608500862949,
        -0.42131064156897935,
        2.720169166589619
      ],
      [
        -1.328809363975772,
        1.129256005427135,
        1.5462745293453806,
        -0.7537361643574896
      ],
      [
        -1.1947600380401013,
        0.3619862830477173,
        0.7453340454005453,
        1.158595579007404
      ],
      [
        1.4799699936401307,
        3.015692357624156,
        -1.2874411208737118,
        -1.5148472246858646
      ],
      [
        -0.6208306057555719,
        -2.151265201160963,
        3.449556148523195,
        0.23225369716100355
      ],
      [
        -1.3501721611829665,
        -0.225775808300675,
        1.3104476675521537,
        0.29307247329868125
      ],
      [
        -0.5112049731907458,
        -2.0872988537780444,
        1.7641592806146276,
        0.4738329209117875
      ],
      [
        1.8849672815461571,
        1.4972375988475657,
        -0.2611832946721171,
        -1.0708924980611123
      ],
      [
        1.5197771133678972,
        2.9995690439933194,
        0.10205455644011252,
        0.47323762457354485
      ],
      [
        -1.3994732105620291,
        1.6744479303219024,
        1.4065534871205396,
        0.9633761292443218
      ],
      [
        -1.667439336653265,
        -0.18693345047586518,
        1.1581833803998816,
        -0.7143514180263678
      ]
    ],
    "y": [
      0,
      0,
      1,
      0,
      0,
      0,
      1,
      0,
      1,
      0,
      1,
      0,
      0,
      0,
      0,
      1,
      0,
      1,
      1,
      1,
      0,
      1,
      1,
      1,
      1,
      1,
      0,
      0,
      1,
      0,
      1,
      1,
      1,
      0,
      0,
      0,
      1,
      1,
      1,
      0
    ]
  },
  "params": {
    "length_scale": 1.0,
    "random_state": 42
  },
  "expected": {
    "predictions": [
      0,
      0,
      1,
      0,
      0,
      0,
      1,
      0,
      1,
      0,
      1,
      0,
      0,
      0,
      0,
      1,
      0,
      1,
      1,
      1,
      0,
      0,
      1,
      1,
      1,
      1,
      0,
      0,
      1,
      0,
      1,
      1,
      1,
      0,
      0,
      0,
      1,
      1,
      1,
      0
    ],