{
  "description": "HDBSCAN with min_cluster_size=10",
  "random_state": 42,
  "input": {
    "X": [
      [
        0.45693683425835174,
        4.965058614516955,
        -9.148392218767734,
        8.27034129964706
      ],
      [
        -5.889127572365634,
        -5.90389803007518,
        -7.271753188050815,
        7.348727525458014
      ],
      [
        -2.197338269954642,
        9.952473574331094,
        3.155537983174403,
        0.3886217482396004
      ],
      [
        -2.525394292738271,
        7.745033013451241,
        5.626932730751928,
        0.5081573039755054
      ],
      [
        -2.075234392995589,
        8.240142422672172,
        5.073553562838198,
        3.818813563699895
      ],
      [
        4.379970394363843,
        4.203767818286983,
        -10.427980723675054,
        9.654972936120952
      ],
      [
        2.8504730249175108,
        3.6799869896579054,
        -9.319399135911452,
        9.41330792417804
      ],
      [
        -6.864024920897782,
        -5.135868700687166,
        -9.155915956521557,
        10.587725915406246
      ],
      [
        -1.559959286601094,
        7.923021182444635,
        6.32323200935142,
        0.29094840858999493
      ],
      [
        -1.8049691104924257,
        11.642832879170296,
        3.4512352460712754,
        1.2936124084174057
      ],
      [
        2.6455160519535825,
        6.000738251524002,
        -9.718822292232181,
        9.880251109758616
      ],
      [
        -6.061283625597313,
        -7.252429701188094,
        -8.44932813364988,
        7.167351250257481
      ],
      [
        1.8875065752351798,
        3.8962880364810415,
        -8.85131007403184,
        10.307206295296652
      ],
      [
        1.4570542681221883,
        4.439911480750072,
        -11.32601132388074,
        7.70924051398802
      ],
      [
        -3.783962079524076,
        9.58259704496054,
        3.5365697551475375,
        3.8330909699617792
      ],
      [
        1.1113410409997382,
        4.341924099692358,
        -9.17820294315136,
        11.649602050298949
      ],
      [
        -8.532830432699779,
        -8.005499641174094,
        -8.220285435985618,
        7.940066056593354
      ],
      [
        0.438020386439405,
        6.359202074946133,
        -8.172981969218407,
        8.83518626071424
      ],
      [
        -2.5508517466990424,
        7.611872483054883,
        6.011266213646126,
        2.875489323164861
      ],
      [
        -7.940256114592629,
        -6.695639466141313,
        -8.76847729450081,
        5.951958558101955
      ],
      [
        2.1666549929184544,
        4.778778156791407,
        -8.734372260377283,
        8.048626533034444
      ],
      [
        -3.6788156273255357,
        9.958787652689264,
        6.0301935310369865,
        0.9883509019186795
      ],
      [
        -1.5341666361797126,
        10.641774162483308,
        4.5534666903317005,
        3.177409161411161
      ],
      [
        -6.743406376849772,
        -6.085552783850691,
        -6.935107577261588,
        5.838144316906485
      ],
      [
        -2.4369213711235185,
        11.970176663180665,
        4.409045678490754,
        2.335026494741067
      ],
      [
        2.7141685905310955,
        4.534951741373153,
        -5.893653143937666,
        10.741686936961377
      ],
      [
        -8.086848048950912,
        -8.337135928621226,
        -7.4485947084359285,
        8.273518148254226
      ],
      [
        -5.359333812127323,
        -7.729312952018484,
        -8.305744442860536,
        8.253083779613908
      ],
      [
        0.10898704431093531,
        3.4422015283763816,
        -9.582017674422131,
        9.454573755757577
      ],
      [
        2.1395115531227735,
        3.233839815294349,
        -9.55889790497322,
        9.995794992734426
      ],
      [
        3.292409619083681,
        2.0509641722131717,
        -11.008220329282882,
        6.9511184299277655
      ],
      [
        0.8394289792615233,
        4.766307374542322,
        -10.22461925613088,
        8.446749644525074
      ],
      [
        0.18136322998142895,
        5.69466374219912,
        -9.18953329970844,
        8.500013199372022
      ],
      [
        -2.2188428971735092,
        6.718349834608964,
        2.569977437212462,
        1.2984246488515647
      ],
      [
        -7.895779652833356,
        -8.697926262898985,
        -9.374145699116436,
        8.35120146868687
      ],
      [
        -2.1538532905752588,
        9.327552454814189,
        4.646014984199055,
        1.6916651238905558
      ],
      [
        -4.761082102813954,
        -6.3941315401228,
        -10.351388501838064,
        8.424957251964434
      ],
      [
        1.8938638029187063,
        2.91916076901766,
        -10.252689280500569,
        7.960743572133268
      ],
      [
        -8.319982879618202,
        -7.281511076285085,
        -9.408262130029158,
        6.539527836410249
      ],
      [
        -9.309798295140398,
        -6.656364415552633,
        -9.632471514358077,
        8.346442917254173
      ],
      [
        -6.763232033160008,
        -6.16592116275165,
        -9.820192576516177,
        9.834387646321256
      ],
      [
        0.20407096022591298,
        5.801700676854338,
        -7.614348857882411,
        9.099353795772233
      ],
      [
        -6.223110333747225,
        -7.122740776196619,
        -9.099545200508675,
        8.64205513788333
      ],
      [
        -2.0968556755705965,
        6.898637941763041,
        5.028779599501855,
        1.5110709474411521
      ],
      [
        -3.325227288946939,
        9.292990564791525,
        4.991565804186519,
        1.1159479823090908
      ],
      [
        -0.2702682096790423,
        9.582885633292467,
        3.210314639584923,
        2.7610340143013277
      ],
      [
        -3.0842067084670983,
        8.791495356201741,
        3.3122768674208674,
        0.5377217350439272
      ],
      [
        1.0146340242472445,
        3.4421803813880825,
        -12.136984983255719,
        8.767291017222973
      ],
      [
        -3.072566886174693,
        9.66535818050148,
        4.083777604853147,
        1.4142939796564238
      ],
      [
        -6.622714698195026,
        -8.374996127730332,
        -8.630510645614592,
        7.785903771173308
      ],
      [
        -3.3215040234199007,
        9.748297674807363,
        5.877078263223242,
        3.0907058268801704
      ],
      [
        -6.45028235873333,
        -6.2071681616340655,
        -7.538666264825678,
        8.588085377940587
      ],
      [
        2.771244015326762,
        4.915466167038045,
        -9.603006241500248,
        8.321491797456888
      ],
      [
        3.7636725642182256,
        5.312576547223157,
        -7.004491165070084,
        8.477379967774226
      ],
      [
        -3.4793899465245754,
        8.412177675896878,
        5.73836137747059,
        2.3676710155323533
      ],
      [
        -2.7728038884577644,
        9.442821214012417,
        6.413351689917921,
        1.3512454220123553
      ],
      [
        -7.586864899484324,
        -5.860587076850717,
        -8.409909173477953,
        6.492031401185918
      ],
      [
        -4.10203691114306,
        -9.120827824386044,
        -8.014815528186594,
        5.388263870071121
      ],
      [
        -7.182708972823063,
        -8.377449411633766,
        -6.879434191918048,
        5.607353261945944
      ],
      [
        -6.542436949869231,
        -7.627349017060659,
        -9.08807445706474,
        6.7319217939081035
      ],
      [
        -3.1624568924829695,
        9.14739323585016,
        3.258686543321338,
        2.4240073059555383
      ],
      [
        1.1146793405230118,
        2.4547471044037,
        -10.364197575174982,
        8.100339438902612
      ],
      [
        -7.1477825335422915,
