{
  "description": "IsotonicRegression \u2014 monotonically increasing fit on log curve + noise",
  "random_state": 42,
  "input": {
    "x": [
      0.20584494295802447,
      0.34388521115218396,
      0.46450412719997725,
      0.5808361216819946,
      0.6505159298527952,
      0.9767211400638387,
      1.2203823484477883,
      1.3949386065204183,
      1.5599452033620265,
      1.5601864044243652,
      1.7052412368729153,
      1.8182496720710062,
      1.8340450985343382,
      1.8485445552552704,
      1.9967378215835974,
      2.1233911067827616,
      2.587799816000169,
      2.9122914019804194,
      2.9214464853521815,
      3.0424224295953772,
      3.0461376917337066,
      3.1171107608941098,
      3.663618432936917,
      3.745401188473625,
      4.319450186421157,
      4.4015249373960135,
      4.56069984217036,
      4.951769101112702,
      5.142344384136116,
      5.200680211778108,
      5.247564316322379,
      5.4671027934327965,
      5.924145688620425,
      5.986584841970366,
      6.011150117432088,
      6.075448519014383,
      6.118528947223795,
      6.62522284353982,
      6.842330265121569,
      7.080725777960454,
      7.319939418114051,
      7.851759613930136,
      8.08397348116461,
      8.324426408004218,
      8.661761457749352,
      9.093204020787821,
      9.488855372533333,
      9.50714306409916,
      9.656320330745594,
      9.699098521619943
    ],
    "y": [
      0.2610271766936092,
      0.3127016582035417,
      0.3699518772060362,
      0.42784352844577256,
      0.3532357247593252,
      0.6094550613333812,
      0.7516155329890277,
      0.9790698191355109,
      0.9743476822825199,
      0.7637760545326382,
      1.0275994870998766,
      0.9976077805417792,
      0.9740128544967167,
      1.1079758103554227,
      1.2006242564717444,
      1.2320473166918473,
      1.1936173976757252,
      1.3332020010720607,
      1.3995869302438195,
      1.4943986362762598,
      1.3498453459523314,
      1.3965857480614443,
      1.429158137181004,
      1.4375553158107033,
      1.7526225318350817,
      1.8223053123751949,
      1.7085229590773308,
      1.884041793071656,
      1.8513700933090675,
      1.7601470221497728,
      1.8683312389542939,
      2.0205318740570632,
      1.931432074287965,
      2.100456224747509,
      1.685527245287112,
      2.038821086871145,
      1.9714058023652337,
      2.001560812402107,
      2.068712095546544,
      1.8907248010439872,
      2.0966877845461793,
      2.216327522840441,
      2.3543011094226487,
      2.180810430604641,
      2.1873266168348913,
      2.261686623781733,
      2.4418535121650833,
      2.3849304286548265,
      2.313177154037972,
      2.421486230914046
    ]
  },
  "params": {
    "increasing": true
  },
  "expected": {
    "x_thresholds": [
      0.20584494295802447,
      0.34388521115218396,
      0.46450412719997725,
      0.5808361216819946,
      0.6505159298527952,
      0.9767211400638387,
      1.2203823484477883,
      1.3949386065204183,
      1.5601864044243652,
      1.7052412368729153,
      1.8340450985343382,
      1.8485445552552704,
      1.9967378215835974,
      2.1233911067827616,
      2.587799816000169,
      2.9122914019804194,
      2.9214464853521815,
      3.0424224295953772,
      3.1171107608941098,
      3.663618432936917,
      3.745401188473625,
      4.319450186421157,
      4.4015249373960135,
      4.56069984217036,
      4.951769101112702,
      5.200680211778108,
      5.247564316322379,
      5.4671027934327965,
      6.011150117432088,
      6.075448519014383,
      7.080725777960454,
      7.319939418114051,
      7.851759613930136,
      8.08397348116461,
      8.661761457749352,
      9.093204020787821,
      9.488855372533333,
      9.656320330745594,
      9.699098521619943
    ],
    "y_thresholds": [
      0.2610271766936092,
      0.3127016582035417,
      0.3699518772060362,
      0.3905396266025489,
      0.3905396266025489,
      0.6094550613333812,
      0.7516155329890277,
      0.9057311853168897,
      0.9057311853168897,
      0.9997400407127909,
      0.9997400407127909,
      1.1079758103554227,
      1.2006242564717444,
      1.2128323571837862,
      1.2128323571837862,
      1.3332020010720607,
      1.3995869302438195,
      1.4136099100966788,
      1.4136099100966788,
      1.429158137181004,
      1.4375553158107033,
      1.7526225318350817,
      1.765414135726263,
      1.765414135726263,
      1.8318529695101653,
      1.8318529695101653,
      1.8683312389542939,
      1.9344868545949123,
      1.9344868545949123,
      1.9942449196458036,
      1.9942449196458036,
      2.0966877845461793,
      2.216327522840441,
      2.2408127189540603,
      2.2408127189540603,
      2.261686623781733,
      2.379987031619294,
      2.379987031619294,
      2.421486230914046
    ],
    "predictions": [
      0.2610271766936092,
      0.3127016582035417,
      0.3699518772060362,
      0.3905396266025489,
      0.3905396266025489,
      0.6094550613333812,
      0.7516155329890277,
      0.9057311853168897,
      0.9057311853168897,
      0.9057311853168897,
      0.9997400407127909,
      0.9997400407127909,
      0.9997400407127909,
      1.1079758103554227,
      1.2006242564717444,
      1.2128323571837862,
      1.2128323571837862,
      1.3332020010720607,
      1.3995869302438195,
      1.4136099100966788,
      1.4136099100966788,
      1.4136099100966788,
      1.429158137181004,
      1.4375553158107033,
      1.7526225318350817,
      1.765414135726263,
      1.765414135726263,
      1.8318529695101653,
      1.8318529695101653,
      1.8318529695101653,
      1.8683312389542939,
      1.9344868545949123,
      1.9344868545949123,
      1.9344868545949123,
      1.9344868545949123,
      1.9942449196458036,
      1.9942449196458036,
      1.9942449196458036,
      1.9942449196458036,
      1.9942449196458036,
      2.0966877845461793,
      2.216327522840441,
      2.2408127189540603,
      2.2408127189540603,
      2.2408127189540603,
      2.261686623781733,
      2.379987031619294,
      2.379987031619294,
      2.379987031619294,
      2.421486230914046
    ]
  },
  "sklearn_version": "1.5.2",
  "sklearn_pin": "scikit-learn==1.5.2"
}