{
  "description": "LabelSpreading with alpha=0.2",
  "random_state": 42,
  "input": {
    "X": [
      [
        1.4378391663028154,
        -1.1518908395513126,
        -0.8082982853551515,
        0.9473839133964066
      ],
      [
        -1.2439527205676728,
        -2.6656361526204044,
        -0.525755021680761,
        -2.7944809907412465
      ],
      [
        -2.4032984142463256,
        2.7887868136959164,
        1.3686315575323487,
        0.5209424669050047
      ],
      [
        -0.5724923908262567,
        -0.3953730623008481,
        -0.5769036556624031,
        -1.502188860223035
      ],
      [
        -0.7850665696427387,
        -2.0133015345243184,
        0.36659824609684827,
        0.779588931929365
      ],
      [
        -2.1390084223886126,
        -1.3005333665298144,
        -0.9398797863273552,
        1.6771494581047386
      ],
      [
        -0.42200586467181944,
        0.6870094013949046,
        1.0584244868495878,
        -0.7157496589869432
      ],
      [
        0.7095696663398413,
        0.9261658262810193,
        -0.45006547147924364,
        1.2222783453311665
      ],
      [
        -2.1705514192556015,
        2.6908112835460325,
        1.502357052096028,
        -0.9711526590353123
      ],
      [
        -0.16016829632416196,
        2.5994720656563217,
        0.005243699718183166,
        1.827172447398212
      ],
      [
        0.18611430084503677,
        0.31664807697188657,
        1.277676821898509,
        1.5940512504207969
      ],
      [
        -2.7886543187567208,
        -0.9410026202114137,
        0.07409478041977519,
        -0.2201143134766499
      ],
      [
        1.53726558991875,
        -0.7403826685055179,
        0.40171172209894146,
        -2.8264353041192947
      ],
      [
        -0.055046795038803165,
        -0.07689964201548627,
        -0.7673475628880495,
        1.0142361063195884
      ],
      [
        -1.6296980183879155,
        -1.3380835018924888,
        0.34175597577715944,
        0.8119673553240299
      ],
      [
        3.1673562111636007,
        -2.3323086380188314,
        2.1531824575115563,
        1.107374498982595
      ],
      [
        -1.7646802305607259,
        1.8757788591729523,
        0.9715709509543554,
        -0.468929902028557
      ],
      [
        -0.9878699186091628,
        2.390007823850067,
        -0.2489641484790735,
        -0.3512324326756724
      ],
      [
        -1.0623969365046595,
        0.07635330994560752,
        1.8314587658543537,
        -1.4485381741484251
      ],
      [
        -1.251345052636235,
        1.0976110436041517,
        0.06751848141010895,
        -0.5812252422340772
      ],
      [
        0.3866297805201502,
        -1.8069726516241142,
        1.551151975522523,
        -3.875925948134139
      ],
      [
        -1.3814467467124842,
        0.6797035689468087,
        0.11567463429285867,
        -1.7094169661524599
      ],
      [
        -0.21868500630950638,
        -1.090236692019721,
        -1.7587394864231143,
        -2.179949346752727
      ],
      [
        2.278198651883274,
        -0.10752915025962317,
        1.2378163119734618,
        0.13558623498534705
      ],
      [
        0.2837008161695531,
        -0.870815352637483,
        0.7175422557959623,
        0.8710758677096389
      ],
      [
        0.15644163361855934,
        0.5201026727969995,
        -0.7484865365565536,
        1.6159788024418753
      ],
      [
        -1.9824734599709906,
        -2.0757270198405875,
        -0.11453984525261789,
        -0.9134351916315657
      ],
      [
        0.00978363987562414,
        0.4388765680435851,
        -0.898414671348358,
        -2.475609158467768
      ],
      [
        -0.5178659652793052,
        -0.4808629585767341,
        -0.01901620790268883,
        -2.111619286372836
      ],
      [
        0.9213298637294377,
        -1.709933288713131,
        2.1898029332176723,
        1.0192543723337564
      ],
      [
        -0.9180951492873133,
        -2.6176896067640634,
        -0.4691756521047048,
        -1.8277057755440334
      ],
      [
        2.3543241979437424,
        -2.218622929380781,
        -0.40122047188583626,
        1.2206843158267522
      ],
      [
        -1.295585186573211,
        1.9306622333839956,
        -1.0676204293825944,
        2.6699967801049005
      ],
      [
        1.0879232507924503,
        -1.2846540513007996,
        1.4511436077950417,
        1.1137604630906723
      ],
      [
        -0.2784347943191603,
        -0.036573084606323025,
        1.475356216949552,
        -4.233588927793632
      ],
      [
        -0.8705152482128351,
        0.35507531988760244,
        0.9592708260852069,
        0.2683420293715517
      ],
      [
        -1.671741233385131,
        -0.7822615744452077,
        1.7553408424432044,
        -0.1925068071082815
      ],
      [
        1.3843906357687619,
        -0.5198097152607297,
        0.22409248181041677,
        0.7998402613823612
      ],
      [
        -1.9091615851787713,
        -2.326028635216185,
        -1.183258512665775,
        -1.0537583311829863
      ],
      [
        -1.1007098538971483,
        -0.7338752408600411,
        -1.3202332070206422,
        -1.7104251303778004
      ],
      [
        1.236506675013682,
        -0.7434776422326794,
        0.09767609854883172,
        1.3709289201742563
      ],
      [
        -1.8870374299755786,
        -2.050218511569331,
        0.3840654489393073,
        2.862382684334585
      ],
      [
        2.3530911519426194,
        -2.154636269258111,
        0.18334200573835174,
        1.2265524909048253
      ],
      [
        0.350327141840311,
        0.9177124018303162,
        0.12029563171189886,
        1.487668314910941
      ],
      [
        -2.0670126042990153,
        -0.5983019895803035,
        -1.7033824393551547,
        0.9898452698770763
      ],
      [
        -0.4806847921339311,
        0.5964904603688785,
        0.9504238381860503,
        1.1863050171836238
      ],
      [
        1.5508736148935056,
        0.0067330826788646325,
        0.6228499323474987,
        0.7079099678189151
      ],
      [
        0.16851352494465455,
        -0.7062707481212336,
        -1.0025293646378088,
        -1.2581729625927252
      ],
      [
        0.29378825747210413,
        -0.26589372746960593,
        0.8723206367206782,
        0.8124912252283082
      ],
      [
        2.308933664490148,
        -1.4174825755904976,
        -0.7730097838554665,
        1.0043634941079667
      ],
      [
        -1.7647026393400678,
        -1.09588312454043,
        1.6286155455712918,
        2.279818990880959
      ],
      [
        -1.1004881055199793,
        -0.1696889602392403,
        -0.08912003951278841,
        0.18403850972815583
      ],
      [
        -0.16099403611954366,
        0.9095941074346434,
        -0.5993750229537729,
        1.8384181536762778
      ],
      [
        0.5486245527601166,
        3.2031685299087513,
        0.33231401197959165,
        1.2587769855306956
      ],
      [
        -2.272502940669934,
        -1.2384369933366033,
        0.6696725488300385,
        1.391652303265685
      ],
      [
        0.016835830866909762,
        -0.5580327653227881,
        -0.5993926454440222,
        0.9095008096305467
      ],
      [
        0.13378635694825292,
        0.8301458475509874,
        1.1792971840638264,
        -1.7271252270423836
      ],
      [
        -1.6588983613531283,
        -1.4335607842234372,
        -2.0674421000398766,
        1.455146992597921
      ],
      [
        1.265996177357219,
        0.9465903952195988,
        0.046980593764742055,
        0.7486598688627597
      ],
      [
        -0.020712532351897295,
        0.09438587925719988,
        -1.594427658794367,
        1.7800605857495455
      ],
      [
        -3.062880990229312,
        -1.2374440103772602,
        -0.03269474809409311,
