{
  "description": "LocallyLinearEmbedding on 3-blob dataset",
  "random_state": 42,
  "input": {
    "X": [
      [
        -2.874736919885293,
        9.663372860827428,
        3.4170052995527946,
        2.5095057163227974,
        -7.794318122412547
      ],
      [
        -2.2905593069988877,
        9.896047167146932,
        3.6307934933629937,
        0.3898754704038445,
        -6.105926774317588
      ],
      [
        -11.380355214219167,
        8.951423531449977,
        7.85377573778701,
        -6.949878255647999,
        -5.592822326334876
      ],
      [
        -4.145687434214205,
        -8.744562326484063,
        5.917117648317154,
        1.9877705787693671,
        3.1984359298547824
      ],
      [
        -7.834606855237367,
        -9.589507181299938,
        6.193094862378173,
        2.792277594794969,
        5.429841078324811
      ],
      [
        -7.414772335126011,
        -10.626824261616507,
        7.6808274574353375,
        1.6077684294742842,
        4.241650268461724
      ],
      [
        -9.285961823752308,
        10.914430366173782,
        6.961311297106383,
        -6.066241494650917,
        -7.96262412839547
      ],
      [
        -9.892174549514879,
        9.640530729322998,
        8.696251737138674,
        -5.638356318220581,
        -4.812237801125017
      ],
      [
        -8.13575986662158,
        9.760210955182357,
        7.230166950044159,
        -6.38291864369959,
        -5.486746005905662
      ],
      [
        -1.927074828339711,
        9.902034587791679,
        5.5342111663368625,
        2.728167481185468,
        -7.086793081255844
      ],
      [
        -7.772222323840136,
        9.287265107610375,
        7.625161942489538,
        -7.206067245506838,
        -5.579494244943819
      ],
      [
        -3.0805777888068917,
        8.090203290451218,
        2.0273298235345,
        2.9235393663376352,
        -6.063182110199943
      ],
      [
        -11.485687096572608,
        10.67873780491735,
        6.033719138237105,
        -3.641900144818225,
        -5.676652143092017
      ],
      [
        -8.032674964935962,
        -10.339096149843185,
        7.488545713608041,
        1.1663713170348076,
        4.12181541388129
      ],
      [
        -6.649155870330814,
        -9.647264648026372,
        8.38094642436108,
        2.073661094343811,
        5.033898713581362
      ],
      [
        -7.332571825620616,
        -8.061277961732403,
        8.36909408384502,
        1.6801585222587945,
        3.235404936709431
      ],
      [
        -7.77322986690517,
        -9.173145004030744,
        8.883903056631581,
        2.150851234935257,
        4.711027900983576
      ],
      [
        -9.036573103618876,
        8.688069085312403,
        4.8611812040766536,
        -6.9737878907163315,
        -7.032703384039201
      ],
      [
        -6.575660473405094,
        -8.581120265655903,
        7.34745472996454,
        2.8942142236765687,
        5.598807884254436
      ],
      [
        -2.406849940503083,
        8.581676847650309,
        3.9806965337916234,
        1.9771069883721348,
        -6.401873091717743
      ],
      [
        -2.056261296519241,
        8.848225219847256,
        4.854817666322856,
        -0.049145249255003076,
        -7.8226839996185324
      ],
      [
        -2.8011502938783703,
        6.359110080634851,
        4.985396780116868,
        1.5776532323604386,
        -7.168764047621212
      ],
      [
        -3.0026301052560767,
        9.937448736540274,
        6.346483789906563,
        2.8467590995761114,
        -6.870482845411133
      ],
      [
        -3.138672583977001,
        9.61200659511093,
        7.199366867265894,
        2.367402705820333,
        -6.757408025928591
      ],
      [
        -7.008521739815655,
        -9.303992527890557,
        7.382031817805547,
        4.370297163314499,
        4.566427064691434
      ],
      [
        -6.323987794741981,
        -7.794467145717352,
        7.849971076833399,
        3.386186759281281,
        6.700614272190242
      ],
      [
        -6.562342560838828,
        -10.450555063810533,
        8.26890460558627,
        3.2887070902370503,
        4.538747821381318
      ],
      [
        -8.54924195236648,
        -9.610146834392765,
        8.984824646106857,
        1.688053143713808,
        3.8436046494103255
      ],
      [
        -3.0473392847157097,
        7.667608030836975,
        3.759287570180995,
        0.8426173792591651,
        -6.745198308523248
      ],
      [
        -5.813911049178208,
        -9.797335853062789,
        8.705527519670646,
        2.9274221948207346,
        3.5575471834363803
      ],
      [
        -2.7682262677916407,
        8.439576920584923,
        4.2183806158882176,
        2.312990648127376,
        -6.887007341095843
      ],
      [
        -5.902929592462874,
        -8.796347692165988,
        7.186251098400887,
        1.898167845982516,
        4.9017923738686475
      ],
      [
        -6.705276581284475,
        -10.055182648995249,
        8.372870307819568,
        3.3474058963783766,
        4.895952620800955
      ],
      [
        -1.3510109701207225,
        9.271402998254601,
        4.954391732091273,
        3.3450318174905087,
        -6.704073897196437
      ],
      [
        -9.746034072338054,
        8.043139087721954,
        7.6814532200264125,
        -7.563349111430493,
        -8.276207172922206
      ],
      [
        -1.3294812783520493,
        8.116078188742643,
        5.474674255458529,
        2.269731068269703,
        -7.917457067666752
      ],
      [
        0.8630986305739228,
        8.093895323130946,
        4.2412404462129,
        1.9123055964659859,
        -8.298377649742672
      ],
      [
        -4.0330736206686115,
        8.586240064022087,
        3.897471999108929,
        1.2698258822333246,
        -9.01924784722751
      ],
      [
        -2.119848709796627,
        7.749167014275679,
        5.7318711005857725,
        4.751482725493172,
        -5.685987466868953
      ],
      [
        -9.576163605010725,
        10.329131127213966,
        6.125664722421326,
        -4.804074798653478,
        -6.602725453727743
      ],
      [
        -7.312548816516747,
        9.804423728289814,
        6.216910614400064,
        -3.8932507799475466,
        -5.1630891074445895
      ],
      [
        -9.517337698444205,
        9.83752418334332,
        6.540354927444922,
        -6.239650552486838,
        -6.1559023945722675
      ],
      [
        -1.1052388843934566,
        8.99573532368668,
        2.966374214237878,
        0.9006378495050744,
        -7.87221337055446
      ],
      [
        -8.150981400151986,
        -6.449291799243548,
        9.166936673819237,
        3.38573572581588,
        4.990217533525784
      ],
      [
        -9.225833655278649,
        9.969544553566674,
        7.619376636021647,
        -5.011254769905012,
        -4.886842030428358
      ],
      [
        -8.426372796337176,
        10.951056819079211,
        6.209334940534158,
        -6.161133139205773,
        -6.101877599885521
      ],
      [
        -3.1326750180377103,
        7.506132838650839,
        5.739525812012921,
        1.795437562670077,
        -7.290010499837571
      ],
      [
        -3.0246332851452036,
        8.41403227809241,
        5.58731865727474,
        2.264203685202914,
        -7.51518693142591
      ],
      [
        -7.20460055110484,
        -9.044194473731515,
        5.883481467814905,
        3.213027490977816,
        5.4608483701853965
      ],
      [
        -12.040574715399684,
        8.496903224575219,
        6.54022415191958,
        -5.808702744732151,
        -6.104111346858294
      ],
      [
        -8.888067160721532,
        9.265897599297423,
        6.575241700216529,
        -6.0354389754216875,
        -6.0680231314348045
      ],
      [
