{
  "description": "MinCovDet \u2014 robust covariance via FastMCD",
  "random_state": 42,
  "input": {
    "X": [
      [
        2.4159312867058182,
        0.023372196723799664,
        -0.18495508446688677,
        1.0278191560844856
      ],
      [
        -1.5802025849643797,
        0.04867218392840661,
        0.8046888104081206,
        -2.371553072761302
      ],
      [
        1.2753172266927444,
        0.7572453735160699,
        -0.6093049645142645,
        -0.0739044828289701
      ],
      [
        0.2799942602546025,
        0.13105717561030142,
        0.43395014525662234,
        -1.662653471315404
      ],
      [
        0.22267019604416854,
        0.4901979023267556,
        0.817970691429634,
        -1.6347675003346906
      ],
      [
        2.8204963696910035,
        0.25252442034437683,
        -1.324776627067631,
        2.8670757654622596
      ],
      [
        -0.5339386391205022,
        -0.8615057701864045,
        0.8999344808697117,
        -2.8304610170514537
      ],
      [
        1.8411774694207839,
        -0.2454234631965714,
        -1.0661273251837498,
        1.4658437452594386
      ],
      [
        -2.2536673882280835,
        -0.01277474004610353,
        -1.3773292282568235,
        -1.794988079075789
      ],
      [
        -2.0527118278051177,
        0.9841114864358878,
        1.4150316138045378,
        -0.4169887957949349
      ],
      [
        0.8486081723219945,
        0.2210645220487471,
        0.7582265944239935,
        -0.5274588699931166
      ],
      [
        -1.373143546593723,
        -2.235247157144583,
        -0.22428000966985745,
        2.389863849834393
      ],
      [
        0.31104725252991006,
        -0.2971003475003022,
        1.5285185634711984,
        0.8300501047337389
      ],
      [
        0.019434290531047487,
        0.27127498526343086,
        -0.02554639388853544,
        -0.38744803646764797
      ],
      [
        -1.5865588976591325,
        -0.16622400606886772,
        -0.5746062667734068,
        0.9809321815435923
      ],
      [
        0.28936736163444277,
        -1.8960952724210238,
        -0.45816641287666804,
        2.0162297467971038
      ],
      [
        -0.5974168779916206,
        -0.7212673135563091,
        -0.34548552502985563,
        -1.6287041200758519
      ],
      [
        -0.4759783982173377,
        -0.9223929486012216,
        1.5643625567136294,
        -0.04018265420940102
      ],
      [
        -0.2534396520856887,
        1.2915229365946097,
        1.0641228138199124,
        0.05760028863547859
      ],
      [
        -0.1822307758823737,
        0.9388457916930609,
        0.45565904422002895,
        -2.140343397666062
      ],
      [
        0.4263461306666843,
        1.056033006189097,
        0.5364525037340186,
        -0.8711579047730779
      ],
      [
        0.24365455992204982,
        -0.7367786370825236,
        -0.6853426686883201,
        1.4762157987182098
      ],
      [
        2.088777578749075,
        0.8799163274840632,
        -0.06204451145363589,
        1.3777167255528657
      ],
      [
        0.04185496069615976,
        -0.08726963798366107,
        -0.5116712746157874,
        -0.22299676233341403
      ],
      [
        2.7627879948934386,
        1.368739047131973,
        -0.3812629901577253,
        -0.015068075069958754
      ],
      [
        -1.6708484164821849,
        0.30047941698174735,
        0.9329971287291768,
        -1.9405409392947661
      ],
      [
        0.6259572861981082,
        -0.2849776887833727,
        1.1598908557589211,
        0.6874315382221668
      ],
      [
        2.4490074329631395,
        0.03822300815813224,
        -0.4036608876941065,
        0.8309157995452607
      ],
      [
        1.4979587938277161,
        0.6588083233154602,
        -1.25369194588516,
        0.23090655844199398
      ],
      [
        0.6830350658203956,
        -0.6302430785442878,
        -1.2050780440179991,
        2.003173487249001
      ],
      [
        -0.42830317285510644,
        -0.7785591081951633,
        0.6349132212334417,
        0.22437069470247303
      ],
      [
        -0.1377048026002426,
        0.5787691641143953,
        0.11532555991347193,
        0.49729585339871263
      ],
      [
        1.1864063263372713,
        0.5157745503304294,
        -0.4629512653458801,
        -0.3066739505504775
      ],
      [
        -1.1722558201915052,
        0.2506344302819062,
        -0.09432711951199069,
        -2.6420201930042335
      ],
      [
        0.593081354536632,
        -1.200710607968046,
        -1.529701991052405,
        0.08939050737468109
      ],
      [
        -1.295964605184707,
        0.3498795806370661,
        0.011922761903767348,
        -1.720591627681086
      ],
      [
        -1.8024144982687278,
        -0.6430442715670975,
        0.30335153051485947,
        -1.4144076026973165
      ],
      [
        -0.7236093961699956,
        -1.0485385757963035,
        1.0612655942600875,
        -2.198833894139797
      ],
      [
        0.07279379552996898,
        0.305735102960541,
        0.05085778630304148,
        2.2498522583546054
      ],
      [
        -1.9714684494340544,
        0.10023309996359922,
        0.5418904753558502,
        0.973647432007188
      ],
      [
        -1.9204331384972426,
        0.38915369782725456,
        2.151817971976361,
        -1.6904965901602729
      ],
      [
        0.7317773375598697,
        0.9079496723809847,
        -1.0403251665064004,
        0.644942380316251
      ],
      [
        -1.1719713040298192,
        -1.0124363986310887,
        -0.5361270299626688,
        -0.23869585440647434
      ],
      [
        -0.19260477651286548,
        0.7213763820559402,
        -0.8670798353549968,
        -0.44296452831365796
      ],
      [
        1.52981089833048,
        0.5529894596266324,
        -1.5270734965816868,
        0.7689426438528031
      ],
      [
        -0.33777972228814046,
        0.013818794709345618,
        -0.3095714386011615,
        1.3940044944911143
      ],
      [
        0.7506367842522462,
        -1.636780828717416,
        -1.121902048314204,
        0.6887992326639614
      ],
      [
        -0.7445001307385174,
        0.972486088460303,
        0.36737910017666764,
        -0.9741929151055575
      ],
      [
        2.3661002726351796,
        -0.7601125488213667,
        -2.494496259002572,
        2.398274421568414
      ],
      [
        -2.65341612627558,
        0.01697866132814408,
        0.7260121153211567,
        -0.20282845621815207
      ],
      [
        -2.6275644899004877,
        0.49574619415671234,
        -0.6572091575310366,
        -2.511466631763423
      ],
      [
        -0.36070905039109685,
        0.4315899848616337,
        -0.21195182012699185,
        0.9144158553561917
      ],
      [
        -0.5507336582422888,
        -0.2648175710421091,
        -0.7316360133905784,
        -0.7716890156436047
      ],
      [
        0.6008786088874366,
        0.02618202580400919,
        0.6433755915591988,
        -0.39898673246986893
      ],
      [
        -0.5875639938020175,
        -0.22621086032873028,
        -0.3783297405000626,
        0.4978490611867587
      ],
      [
        -0.037772136273274054,
        1.4766294382624097,
        -0.3909375632283145,
        -0.3472799212649149
      ],
      [
        -1.6704807067751024,
        -0.12199383333835037,
        0.9417327298160115,
        -1.0558336385261353
      ],
      [
        -0.3052649964811448,
        0.6378219462696223,
        -0.0003895027640446789,
        -0.7061772316094672
      ],
      [
        1.5937114179323604,
        0.18634919397733188,
        -0.261892080508161,
        1.8031003283719043
      ],
      [
        1.6965042887876665,
        -0.036199663664959476,
        -0.570055698334042,
        0.5820370244896873
      ],
      [
        -0.04758525574424408,
