{
  "description": "SpectralEmbedding (Laplacian Eigenmaps)",
  "random_state": 42,
  "input": {
    "X": [
      [
        -5.496093874343268,
        -7.433122450757822,
        8.715848668990606,
        1.1416594163344063,
        4.23834650450548
      ],
      [
        -7.20460055110484,
        -9.044194473731515,
        5.883481467814905,
        3.213027490977816,
        5.4608483701853965
      ],
      [
        -3.0246332851452036,
        8.41403227809241,
        5.58731865727474,
        2.264203685202914,
        -7.51518693142591
      ],
      [
        -7.7472557493255,
        -8.220686911124865,
        8.540593712478813,
        2.2485885043630507,
        5.008852988497548
      ],
      [
        -7.834606855237367,
        -9.589507181299938,
        6.193094862378173,
        2.792277594794969,
        5.429841078324811
      ],
      [
        -9.693428618830366,
        7.403235471682237,
        5.348659974414996,
        -4.210150134575393,
        -5.040236848706751
      ],
      [
        -7.651890342769205,
        -7.959654208445115,
        7.083928407304893,
        3.2316822055508094,
        4.699411559612905
      ],
      [
        -4.0330736206686115,
        8.586240064022087,
        3.897471999108929,
        1.2698258822333246,
        -9.01924784722751
      ],
      [
        -8.426372796337176,
        10.951056819079211,
        6.209334940534158,
        -6.161133139205773,
        -6.101877599885521
      ],
      [
        -3.0473392847157097,
        7.667608030836975,
        3.759287570180995,
        0.8426173792591651,
        -6.745198308523248
      ],
      [
        -6.259561377314212,
        -8.999265133499074,
        6.935258516522089,
        1.136787861035327,
        3.8047065301527145
      ],
      [
        -2.119848709796627,
        7.749167014275679,
        5.7318711005857725,
        4.751482725493172,
        -5.685987466868953
      ],
      [
        -3.0805777888068917,
        8.090203290451218,
        2.0273298235345,
        2.9235393663376352,
        -6.063182110199943
      ],
      [
        -8.13575986662158,
        9.760210955182357,
        7.230166950044159,
        -6.38291864369959,
        -5.486746005905662
      ],
      [
        -6.455623349219496,
        -7.897792171674,
        6.455881825519328,
        2.168162087292485,
        2.7915804992046125
      ],
      [
        -10.122972855934014,
        7.609700538259389,
        7.00615735794507,
        -6.167749591824369,
        -6.283301943317173
      ],
      [
        -10.85918192095999,
        11.787233000632348,
        8.49226657432897,
        -4.389782295482773,
        -5.534734678253113
      ],
      [
        -7.332571825620616,
        -8.061277961732403,
        8.36909408384502,
        1.6801585222587945,
        3.235404936709431
      ],
      [
        -3.2984559517506704,
        9.757997411969548,
        4.427717414516475,
        1.5463008899010091,
        -6.378178859626465
      ],
      [
        -2.8011502938783703,
        6.359110080634851,
        4.985396780116868,
        1.5776532323604386,
        -7.168764047621212
      ],
      [
        -11.485687096572608,
        10.67873780491735,
        6.033719138237105,
        -3.641900144818225,
        -5.676652143092017
      ],
      [
        -1.3294812783520493,
        8.116078188742643,
        5.474674255458529,
        2.269731068269703,
        -7.917457067666752
      ],
      [
        -3.138672583977001,
        9.61200659511093,
        7.199366867265894,
        2.367402705820333,
        -6.757408025928591
      ],
      [
        -6.649155870330814,
        -9.647264648026372,
        8.38094642436108,
        2.073661094343811,
        5.033898713581362
      ],
      [
        -10.740875485743967,
        7.897428650032712,
        6.813875614117774,
        -6.609146704263845,
        -6.403136797897607
      ],
      [
        -9.581003741343318,
        10.72907837121197,
        7.637055426512547,
        -5.520921628258072,
        -6.1873197338056665
      ],
      [
        -7.245648890108489,
        -8.189241024006904,
        6.100649378823396,
        2.558636267246241,
        3.2467606246596317
      ],
      [
        -3.1326750180377103,
        7.506132838650839,
        5.739525812012921,
        1.795437562670077,
        -7.290010499837571
      ],
      [
        -7.393074910911569,
        -8.128218516272057,
        7.4160017870498,
        2.6523751734651833,
        5.924389028224137
      ],
      [
        -8.678571939124135,
        9.195739517408335,
        6.709749423125596,
        -5.106055089647433,
        -6.237405828033959
      ],
      [
        -10.481430387713175,
        9.063379795845153,
        8.209232957141314,
        -5.624666786363396,
        -5.81392431079532
      ],
      [
        -9.82570207529062,
        11.27020272371219,
        6.629410675108888,
        -6.685809442995558,
        -7.658443130337847
      ],
      [
        -5.813911049178208,
        -9.797335853062789,
        8.705527519670646,
        2.9274221948207346,
        3.5575471834363803
      ],
      [
        -6.112812754569543,
        -9.988120334130368,
        6.548186809541759,
        2.7954410907534246,
        3.359623712571215
      ],
      [
        -6.77776191072628,
        -9.270937037184023,
        6.664340613062225,
        2.0262375392955785,
        4.639205655354436
      ],
      [
        -9.517337698444205,
        9.83752418334332,
        6.540354927444922,
        -6.239650552486838,
        -6.1559023945722675
      ],
      [
        -9.573166835824086,
        9.840271060106618,
        7.696872560003388,
        -6.381787533910184,
        -6.80799940007717
      ],
      [
        -4.145687434214205,
        -8.744562326484063,
        5.917117648317154,
        1.9877705787693671,
        3.1984359298547824
      ],
      [
        -3.5307498177283483,
        8.8525307418008,
        4.106230032385614,
        1.9676418216206057,
        -7.109077644983227
      ],
      [
        -1.3510109701207225,
        9.271402998254601,
        4.954391732091273,
        3.3450318174905087,
        -6.704073897196437
      ],
      [
        -8.703319646897285,
        8.933667294594919,
        6.026615651102157,
        -6.108706427350836,
        -5.411489562011293
      ],
      [
        -6.705276581284475,
        -10.055182648995249,
        8.372870307819568,
        3.3474058963783766,
        4.895952620800955
      ],
      [
        -1.4667060057133292,
        9.917818618824164,
        4.658879167290251,
        1.4387532302672268,
        -8.374681061965607
      ],
      [
        -6.323987794741981,
        -7.794467145717352,
        7.849971076833399,
        3.386186759281281,
        6.700614272190242
      ],
      [
        -2.2905593069988877,
        9.896047167146932,
        3.6307934933629937,
        0.3898754704038445,
        -6.105926774317588
      ],
      [
        -1.927074828339711,
        9.902034587791679,
        5.5342111663368625,
        2.728167481185468,
        -7.086793081255844
      ],
      [
        -7.936959127604461,
        8.07136527710399,
        8.492568613760282,
        -6.48395918966413,
        -7.643420389121117
      ],
      [
        -9.716722260623659,
        8.93253227198534,
        6.70736171831528,
        -3.4052208579841543,
        -5.958525147087462
      ],
      [
        -9.283860994213098,
        9.655404534219993,
        6.672784630474273,
        -4.881303797622084,
        -4.926144327524461
      ],
      [
        -2.5850013680809356,
        9.98724966195411,
        5.435474300124043,
        3.4686039368242056,
        -6.54144593915795
      ],
      [
        -5.902929592462874,
        -8.796347692165988,
        7.186251098400887,
        1.898167845982516,
        4.9017923738686475
      ],
      [
        -9.036573103618876,
