{
  "description": "SplineTransformer cubic with 5 knots",
  "random_state": 42,
  "input": {
    "X": [
      [
        3.745401188473625,
        9.50714306409916
      ],
      [
        7.319939418114051,
        5.986584841970366
      ],
      [
        1.5601864044243652,
        1.5599452033620265
      ],
      [
        0.5808361216819946,
        8.661761457749352
      ],
      [
        6.011150117432088,
        7.080725777960454
      ],
      [
        0.20584494295802447,
        9.699098521619943
      ],
      [
        8.324426408004218,
        2.1233911067827616
      ],
      [
        1.8182496720710062,
        1.8340450985343382
      ],
      [
        3.0424224295953772,
        5.247564316322379
      ],
      [
        4.319450186421157,
        2.9122914019804194
      ],
      [
        6.118528947223795,
        1.3949386065204183
      ],
      [
        2.9214464853521815,
        3.663618432936917
      ],
      [
        4.56069984217036,
        7.851759613930136
      ],
      [
        1.9967378215835974,
        5.142344384136116
      ],
      [
        5.924145688620425,
        0.46450412719997725
      ],
      [
        6.075448519014383,
        1.7052412368729153
      ],
      [
        0.6505159298527952,
        9.488855372533333
      ],
      [
        9.656320330745594,
        8.08397348116461
      ],
      [
        3.0461376917337066,
        0.9767211400638387
      ],
      [
        6.842330265121569,
        4.4015249373960135
      ],
      [
        1.2203823484477883,
        4.951769101112702
      ],
      [
        0.34388521115218396,
        9.093204020787821
      ],
      [
        2.587799816000169,
        6.62522284353982
      ],
      [
        3.1171107608941098,
        5.200680211778108
      ],
      [
        5.4671027934327965,
        1.8485445552552704
      ],
      [
        9.695846277645586,
        7.7513282336111455
      ],
      [
        9.394989415641891,
        8.948273504276488
      ],
      [
        5.978999788110851,
        9.218742350231167
      ],
      [
        0.884925020519195,
        1.959828624191452
      ],
      [
        0.45227288910538066,
        3.2533033076326436
      ],
      [
        3.8867728968948203,
        2.713490317738959
      ],
      [
        8.287375091519294,
        3.567533266935893
      ],
      [
        2.8093450968738076,
        5.426960831582485
      ],
      [
        1.4092422497476265,
        8.021969807540398
      ],
      [
        0.7455064367977082,
        9.868869366005173
      ],
      [
        7.722447692966574,
        1.987156815341724
      ],
      [
        0.05522117123602399,
        8.154614284548341
      ],
      [
        7.068573438476172,
        7.2900716804098735
      ],
      [
        7.712703466859457,
        0.7404465173409036
      ],
      [
        3.5846572854427263,
        1.1586905952512971
      ]
    ]
  },
  "params": {
    "n_knots": 5,
    "degree": 3,
    "include_bias": false
  },
  "expected": {
    "transformed": [
      [
        0.0,
        0.017183090354263082,
        0.4595051243491052,
        0.4983447363399093,
        0.024967048956722523,
        0.0,
        0.0,
        0.0,
        0.0,
        0.0006069885882967153,
        0.253608644592842,
        0.6448163828567377
      ],
      [
        0.0,
        0.0,
        0.0,
        0.1596619294613438,
        0.6664661644467166,
        0.17387142782243356,
        0.0,
        0.0,
        0.04603946289190354,
        0.5662585938608566,
        0.38063356317846214,
        0.007068380068777591
      ],
      [
        0.008829454712704434,
        0.39849285760902275,
        0.5520995098760306,
        0.040578177802242196,
        0.0,
        0.0,
        0.025389041545074972,
        0.5001511989941649,
        0.4576017098964525,
        0.016858049564307885,
        0.0,
        0.0
      ],
      [
        0.07967647934232042,
        0.6242923797424269,
        0.2943024543050816,
        0.001728686610170972,
        0.0,
        0.0,
        0.0,
        0.0,
        0.0,
        0.02255685493066543,
        0.4875107225949364,
        0.4707325019777203
      ],
      [
        0.0,
        0.0,
        0.024647531463457224,
        0.49695981302511555,
        0.4609582116551256,
        0.017434443856301687,
        0.0,
        0.0,
        0.0010706325097715036,
        0.2736796241933201,
        0.6353222205135042,
        0.08992752278340427
      ],
      [
        0.1373311064363112,
        0.6628830305012259,
        0.1997451818681527,
        4.068119431016165e-05,
        0.0,
        0.0,
        0.0,
        0.0,
        0.0,
        6.275229116390272e-05,
        0.2051901967295898,
        0.6616407290668889
      ],
      [
        0.0,
        0.0,
        0.0,
        0.030706085244966253,
        0.5209470732527981,
        0.4350045876348111,
        0.004253468257434792,
        0.3444564875464572,
        0.5927449301605447,
        0.058545114035563485,
        0.0,
        0.0
      ],
      [
        0.0032261403840700906,
        0.32728463054391493,
        0.6042526561196232,
        0.06523657295239176,
        0.0,
        0.0,
        0.01212768734716169,
        0.42617491177065864,
        0.528754233831391,
        0.032943167050788785,
        0.0,
        0.0
      ],
      [
        0.0,
        0.07332965456207231,
        0.6162058646062325,
        0.30817708068435457,
        0.0022874001473405146,
        0.0,
        0.0,
        0.0,
        0.15005155638521248,
        0.6655036596414533,
        0.18443799936878666,
        6.784604547494329e-06
      ],
      [
        0.0,
        0.002047072645924799,
        0.30250503160779013,
        0.6195738147327765,
        0.07587408101350847,
        0.0,
        0.0,
        0.14693677302447714,
        0.6650099289918945,
        0.18804170312873977,
        1.1594854888620084e-05,
        0.0
      ],
      [
        0.0,
        0.0,
        0.018928033740630703,
        0.46927410673996034,
        0.48893547537890075,
        0.02286238414050822,
        0.036771200775360995,
        0.5410417484369694,
        0.41185711437254674,
        0.010329936415123012,
        0.0,
        0.0
      ],
      [
        0.0,
        0.08882699801328547,
        0.6342472984476634,
        0.2757964150375206,
        0.0011292885015303838,
        0.0,
        0.0,
        0.04354882276732254,
        0.5600300219688585,
        0.38860013972383245,
        0.007821015539986403,
        0.0
      ],
      [
        0.0,
        0.00037149890102941227,
        0.23939800406031891,
        0.6507174902680561,
        0.10951300677059546,
        0.0,
        0.0,
        0.0,
        0.0,
        0.1052516343166292,
        0.6479206453099743,
        0.24634996264785064
      ],
      [
        0.0012252653810475972,
        0.2791168743572483,
        0.6325341228847117,
        0.08712373737699244,
        0.0,
        0.0,
        0.0,
        1.849815592028962e-07,
        0.1718965327014779,
        0.6665600236669633,
        0.16154325864999966,
        0.0
      ],
      [
        0.0,
        0.0,
        0.03004750942364758,
        0.5185509240361055,
        0.43767513764875515,
        0.013726428891491898,
        0.16666666666666666,
        0.6666666666666666,
        0.16666666666666663,
        0.0,
        0.0,
        0.0
      ],
      [
        0.0,
        0.0,
        0.021102273283394153,
        0.4805044689574045,
        0.47782656959267517,
        0.02056668816652622,
        0.017555972018652114,
        0.4616550082595601,
        0.49629389942341334,
        0.024495120298374543,
        0.0,
        0.0
      ],
      [
        0.0711612576995258,
        0.6131945896553519,
        0.3131327906639599,
        0.0025113619811623356,
        0.0,
        0.0,
        0.0,
        0.0,
        0.0,
        0.0007037834154307646,
