{
  "description": "VotingClassifier (LR + DT soft voting)",
  "random_state": 42,
  "input": {
    "X": [
      [
        -0.6170904082868751,
        -2.154623220425309,
        -0.15880855371091995,
        1.987135324924016,
        2.8348660495750453
      ],
      [
        1.4998886756751972,
        0.005005298233223376,
        -0.5094654337864035,
        -1.2433925732645366,
        -1.7556526157474275
      ],
      [
        -0.19796296870131533,
        -0.12851540946852857,
        0.8861107142143013,
        0.33517733055422894,
        -0.375610139246251
      ],
      [
        -0.08576316923283368,
        0.305123170378944,
        1.3365526433762331,
        -2.383919092439097,
        0.48131528477883345
      ],
      [
        -1.2588420415521953,
        1.002015551057079,
        2.3861492092241434,
        -1.841128863905451,
        1.904208405636648
      ],
      [
        0.9874930057007224,
        0.8052421779346662,
        1.302571997945923,
        -0.7862813483631217,
        0.9657255349904893
      ],
      [
        -1.8193004495299292,
        -1.7706521643646878,
        -2.420554508754222,
        -2.25704953332894,
        -1.6988622523508767
      ],
      [
        0.12250549833951899,
        -0.2538794205646431,
        1.20401692896235,
        1.3899680636633585,
        -0.8258670236217798
      ],
      [
        1.3909034961852749,
        0.9374691635105863,
        -0.335726350244996,
        0.9598157592278891,
        -1.004578086095008
      ],
      [
        -0.6022562028821763,
        1.3106163894192329,
        0.4817938843209639,
        1.924541590894679,
        0.9179264803176417
      ],
      [
        -1.1480549061557412,
        -1.7224074260007671,
        -1.8394927136471044,
        -2.195584364251297,
        -2.089141582530903
      ],
      [
        0.023751481997746904,
        -0.7407550698706757,
        -3.060300494050681,
        1.1936219372838073,
        -2.773017754074956
      ],
      [
        0.866849063342143,
        1.8811699313346835,
        -1.351032987057183,
        3.320758565521333,
        -1.3510371314676382
      ],
      [
        -0.03519693846248355,
        -1.551248874058262,
        -1.168103060609009,
        0.7067584135910586,
        -1.2465658756048734
      ],
      [
        0.5610330674710605,
        -0.1335207567579615,
        0.8786452171142396,
        0.09534933056985473,
        0.20351833724154256
      ],
      [
        -0.8750086674580759,
        -0.9506861063805294,
        -0.8380361286794367,
        0.293656448649671,
        0.338798371248778
      ],
      [
        2.0844772305415638,
        -1.1937444178989993,
        -1.571459265372389,
        -0.13627788145060582,
        0.3237802399825501
      ],
      [
        0.9078719472424277,
        1.3313088807035727,
        0.823649714708381,
        -1.8600947226792583,
        1.464385213501839
      ],
      [
        1.6737481593913828,
        0.004719251265614899,
        -1.3543167361056678,
        -0.38417148588881,
        -0.4751827379827468
      ],
      [
        0.7114542651948267,
        -1.1720825930247087,
        0.10336953009051753,
        1.4783733620124553,
        0.8820029003459839
      ],
      [
        1.0674561722347518,
        -0.05939623985795173,
        0.9506243979232276,
        2.8792635954323833,
        1.0653603673080778
      ],
      [
        0.9018634370178872,
        0.6493987672857289,
        1.0317412356127957,
        1.244418250085355,
        -0.3299326598187323
      ],
      [
        2.032142525959219,
        -0.9037402860244345,
        -0.9623655442413102,
        -1.5557085729518254,
        -1.962869120210299
      ],
      [
        1.0736820120987525,
        -0.5372609531212273,
        -0.6790975913724792,
        1.9992754596007307,
        1.229199527643504
      ],
      [
        -0.8712468811149293,
        -1.6813896514746394,
        1.14966383390292,
        0.647944370969885,
        0.20321569739425405
      ],
      [
        -0.28937794713269144,
        -0.1602572261245815,
        -0.35848791619231646,
        2.1348706378657445,
        1.114073950724563
      ],
      [
        -0.29810526935296516,
        -1.950192733731243,
        -2.2541665545513982,
        0.3824210006924046,
        2.5854048123153595
      ],
      [
        -0.22674942729822584,
        -1.5738095857950825,
        -1.1054221926247394,
        0.8495775671046333,
        -1.2899146170773808
      ],
      [
        -0.3910340012304918,
        -1.946404942810286,
        -1.9024921987680128,
        0.7231556281920193,
        2.276870025430668
      ],
      [
        0.6161066540197494,
        0.83517131297259,
        0.8993662310360682,
        -2.16548591763764,
        -1.8646625358104352
      ],
      [
        1.7089956631888337,
        1.4722788013069523,
        0.10441399653513239,
        -0.6858123178625043,
        0.8038196782071128
      ],
      [
        -0.9001156580739134,
        -4.285238049931252,
        -0.2915154596002236,
        -0.08255251416559073,
        -0.5295202536196743
      ],
      [
        -0.7524467003268688,
        -0.15014685388717008,
        -0.9021821231503185,
        -1.7283393609872344,
        -1.7620315988465798
      ],
      [
        1.9734608916025578,
        -0.015324675340545046,
        -0.3879649701054999,
        1.865118993008001,
        -0.7539020120039611
      ],
      [
        0.28598016618828376,
        0.5050681337615106,
        1.1634613674840832,
        -0.8701454397753758,
        0.4174195492497923
      ],
      [
        1.5971127225208108,
        -2.225925176590633,
        -1.3787588729835338,
        -1.0345135677173216,
        -0.8370702886509211
      ],
      [
        0.5954011357104231,
        -1.5210912278153177,
        -0.3413581880507418,
        1.3581139658440287,
        1.9602497011173854
      ],
      [
        0.6386236498376441,
        1.6315525231666226,
        1.2483166879490972,
        -1.3732713953690063,
        1.833545139228224
      ],
      [
        -0.008790556303355637,
        -1.3548463486464142,
        1.9594985843210018,
        1.257527012347171,
        -1.3113190112602822
      ],
      [
        -0.5287239854997043,
        -2.3091866239020877,
        -2.327552685636078,
        -0.45209266029848816,
        -0.8776395908603403
      ],
      [
        -2.1766813892721824,
        -1.0160753235112556,
        -1.664768915398931,
        1.711619455974146,
        1.7467619484899661
      ],
      [
        1.1888010076522058,
        1.851307840714604,
        0.2547513248911085,
        -3.4786568632044372,
        1.730860872256332
      ],
      [
        0.1739663291695697,
        0.2784786731953025,
        1.1150230439344688,
        -4.758432791497214,
        0.7907240736806046
      ],
      [
        -1.1603250252693058,
        -1.0187528042170784,
        -0.1393859536266404,
        1.5533222712669001,
        -0.08220194540269798
      ],
      [
        -1.4152025195175149,
        -0.8815087564325927,
        -0.7835252125157468,
        -0.5362902613535243,
        -0.6691319818249983
      ],
      [
        -1.3016033257419999,
        -1.523444067549283,
        0.014698272743938867,
        -1.401742691063514,
        -0.94350103557852
      ],
      [
        -1.1932601156384257,
        -1.2145651856711428,
        -2.036549833124874,
        -0.5878940334818519,
        -0.5891187583106163
      ],
      [
        0.47682809432411033,
        1.0077136632000545,
        -0.39838879325203314,
        0.2209869140047862,
        -0.18556166760001092
      ],
      [
        -0.37905764618232096,
        -0.915800778436904,
        -0.041595434905228545,
        1.5908936270240566,
        -0.5066018513805834
      ],
      [
        0.4514111986474981,
        0.9114276820923398,
        2.3314758417872508,
        -0.5790273486541195,
