{"X": [[0.0], [0.06346651825433926], [0.12693303650867852], [0.1903995547630178], [0.25386607301735703], [0.3173325912716963], [0.3807991095260356], [0.4442656277803748], [0.5077321460347141], [0.5711986642890533], [0.6346651825433925], [0.6981317007977318], [0.7615982190520711], [0.8250647373064104], [0.8885312555607496], [0.9519977738150889], [1.0154642920694281], [1.0789308103237674], [1.1423973285781066], [1.2058638468324459], [1.269330365086785], [1.3327968833411243], [1.3962634015954636], [1.4597299198498028], [1.5231964381041423], [1.5866629563584815], [1.6501294746128208], [1.71359599286716], [1.7770625111214993], [1.8405290293758385], [1.9039955476301778], [1.967462065884517], [2.0309285841388562], [2.0943951023931957], [2.1578616206475347], [2.221328138901874], [2.284794657156213], [2.3482611754105527], [2.4117276936648917], [2.475194211919231], [2.53866073017357], [2.6021272484279097], [2.6655937666822487], [2.729060284936588], [2.792526803190927], [2.8559933214452666], [2.9194598396996057], [2.982926357953945], [3.0463928762082846], [3.1098593944626236], [3.173325912716963], [3.236792430971302], [3.3002589492256416], [3.3637254674799806], [3.42719198573432], [3.490658503988659], [3.5541250222429985], [3.6175915404973376], [3.681058058751677], [3.744524577006016], [3.8079910952603555], [3.8714576135146945], [3.934924131769034], [3.998390650023373], [4.0618571682777125], [4.1253236865320515], [4.188790204786391], [4.25225672304073], [4.3157232412950695], [4.3791897595494085], [4.442656277803748], [4.506122796058087], [4.569589314312426], [4.6330558325667655], [4.696522350821105], [4.759988869075444], [4.823455387329783], [4.886921905584122], [4.950388423838462], [5.013854942092801], [5.07732146034714], [5.14078797860148], [5.204254496855819], [5.267721015110158], [5.331187533364497], [5.394654051618837], [5.458120569873176], [5.521587088127515], [5.585053606381854], [5.648520124636194], [5.711986642890533], [5.775453161144872], [5.838919679399211], [5.902386197653551], [5.96585271590789], [6.029319234162229], [6.092785752416569], [6.156252270670908], [6.219718788925247], [6.283185307179586]], "y": [0.04967141530112327, 0.04959748953944604, 0.1913613073838185, 0.34155423000121277, 0.22773264970874563, 0.28861975000356904, 0.5295837372110668, 0.5065383850044625, 0.4392492975069735, 0.594896821814194, 0.5465661597733942, 0.5962146343295136, 0.7142752386387154, 0.5432636841917535, 0.6036546810404535, 0.7583471991262385, 0.748442317916072, 0.9128780967071095, 0.8188295878023972, 0.7929174901315775, 1.1014671183362292, 0.9492339382748881, 0.9915605734810004, 0.8513636458399084, 0.9444290667304897, 1.0109663866448617, 0.881755418209712, 1.0273912437155, 0.9187385772228982, 0.9346727835806143, 0.8848301574917288, 1.1075821125554752, 0.8946440518175425, 0.7602543108888484, 0.9148243458450903, 0.6736774755337298, 0.7766359338547338, 0.5167271589908852, 0.5339503956264486, 0.6378451098075174, 0.6409065218623119, 0.5308142196924034, 0.4466616934885865, 0.37082016584768474, 0.19416794428892614, 0.2097481360019588, 0.17424665569056205, 0.26371361859524145, 0.12941787226102858, -0.14457608203820574, 0.0006804634414116426, -0.13356427134581428, -0.22569359600394595, -0.15914290390245378, -0.17863260459183472, -0.2488921314140488, -0.4848522877288776, -0.48914775931253174, -0.48055104843305, -0.4695053511505347, -0.6660764100051343, -0.6853348981826732, -0.8233276687794657, -0.8753702367623253, -0.7145092582914123, -0.696945851777689, -0.8732264159424722, -0.7956404845021335, -0.8861906915998179, -1.0095127941751807, -0.9277025980091007, -0.8249987895681818, -0.9934040457919279, -0.8403904103705416, -1.2618486380828495, -0.9166770887454856, -0.985133757637437, -1.0147084880587949, -0.9626354906699914, -1.1536591329041632, -0.9561150490488579, -0.8739207382033436, -0.7336639589734304, -0.9015524517768791, -0.8954253123396546, -0.8263221686502102, -0.6430514968873258, -0.6572039005161436, -0.6957636300632435, -0.5415811857433046, -0.5309330625207934, -0.3893322370471799, -0.5000002214769071, -0.40442867032010404, -0.3512442610117028, -0.39749948199429125, -0.15963921665395214, -0.1004869263557601, -0.06291257399231844, -0.02345871333751494], "predictions": [0.10366716460310932, 0.15315699897113044, 0.20118940997988355, 0.24779191016448188, 0.29299379302714934, 0.3368227474738106, 0.37930123505115154, 0.42044282545485817, 0.4602487039375396, 0.4987045639942244, 0.5357780788780585, 0.5714171079056477, 0.6055487429912845, 0.6380792446133815, 0.668894862640105, 0.6978634933389553, 0.7248370937650501, 0.7496547586353208, 0.7721463585658377, 0.7921366352928791, 0.8094496424334227, 0.8239134058137604, 0.8353646567591247, 0.843653471037021, 0.8486476335661652, 0.8502365512279144, 0.8483345554305094, 0.8428834696272536, 0.8338543584700708, 0.8212484179274209, 0.8050970049514782, 0.7854608398340476, 0.7624284453886452, 0.7361139162433546, 0.7066541392556507, 0.6742056106550877, 0.6389410135405257, 0.601045726999334, 0.5607144328481374, 0.5181479677668147, 0.4735505401257058, 0.4271273968607276, 0.37908299171586773, 0.32961967639018996, 0.27893691260507847, 0.2272309850269255, 0.17469517918122046, 0.12152037081284892, 0.06789595020211293, 0.014010975818113306, -0.039944581030327414, -0.09377866907717594, -0.1472962551413937, -0.20029887396168883, -0.2525847884291373, -0.30394986118571643, -0.3541891546622883, -0.4030991760884613, -0.4504805815954723, -0.49614106680629805, -0.5398981173498065, -0.58158128470341, -0.6210336969405822, -0.6581126079423063, -0.6926889211282365, -0.7246457760045192, -0.7538764344256963, -0.7802818242034708, -0.8037681695338271, -0.8242451464347826, -0.8416249422191886, -0.8558224769334087, -0.8667568780874788, -0.874354112825718, -0.8785505038642568, -0.8792967170137072, -0.8765617331012602, -0.8703363184612086, -0.8606355836536141, -0.8475003521223052, -0.830997220238969, -0.8112173451027508, -0.788274119355246, -0.7622999680460064, -0.733442530568383, -0.7018604817874876, -0.6677192170180919, -0.6311865906368397, -0.5924288674386742, -0.5516070223033133, -0.5088735051667733, -0.4643695702990188, -0.41822324749143525, -0.37054800598618254, -0.3214421302499187, -0.2709887922912047, -0.21925677137060384, -0.1663017419035856, -0.1121680267081284, -0.05689069710212216], "bandwidth": [0.5], "order": 1}