{"X": [[0.0], [0.06346651825433926], [0.12693303650867852], [0.1903995547630178], [0.25386607301735703], [0.3173325912716963], [0.3807991095260356], [0.4442656277803748], [0.5077321460347141], [0.5711986642890533], [0.6346651825433925], [0.6981317007977318], [0.7615982190520711], [0.8250647373064104], [0.8885312555607496], [0.9519977738150889], [1.0154642920694281], [1.0789308103237674], [1.1423973285781066], [1.2058638468324459], [1.269330365086785], [1.3327968833411243], [1.3962634015954636], [1.4597299198498028], [1.5231964381041423], [1.5866629563584815], [1.6501294746128208], [1.71359599286716], [1.7770625111214993], [1.8405290293758385], [1.9039955476301778], [1.967462065884517], [2.0309285841388562], [2.0943951023931957], [2.1578616206475347], [2.221328138901874], [2.284794657156213], [2.3482611754105527], [2.4117276936648917], [2.475194211919231], [2.53866073017357], [2.6021272484279097], [2.6655937666822487], [2.729060284936588], [2.792526803190927], [2.8559933214452666], [2.9194598396996057], [2.982926357953945], [3.0463928762082846], [3.1098593944626236], [3.173325912716963], [3.236792430971302], [3.3002589492256416], [3.3637254674799806], [3.42719198573432], [3.490658503988659], [3.5541250222429985], [3.6175915404973376], [3.681058058751677], [3.744524577006016], [3.8079910952603555], [3.8714576135146945], [3.934924131769034], [3.998390650023373], [4.0618571682777125], [4.1253236865320515], [4.188790204786391], [4.25225672304073], [4.3157232412950695], [4.3791897595494085], [4.442656277803748], [4.506122796058087], [4.569589314312426], [4.6330558325667655], [4.696522350821105], [4.759988869075444], [4.823455387329783], [4.886921905584122], [4.950388423838462], [5.013854942092801], [5.07732146034714], [5.14078797860148], [5.204254496855819], [5.267721015110158], [5.331187533364497], [5.394654051618837], [5.458120569873176], [5.521587088127515], [5.585053606381854], [5.648520124636194], [5.711986642890533], [5.775453161144872], [5.838919679399211], [5.902386197653551], [5.96585271590789], [6.029319234162229], [6.092785752416569], [6.156252270670908], [6.219718788925247], [6.283185307179586]], "y": [0.04967141530112327, 0.04959748953944604, 0.1913613073838185, 0.34155423000121277, 0.22773264970874563, 0.28861975000356904, 0.5295837372110668, 0.5065383850044625, 0.4392492975069735, 0.594896821814194, 0.5465661597733942, 0.5962146343295136, 0.7142752386387154, 0.5432636841917535, 0.6036546810404535, 0.7583471991262385, 0.748442317916072, 0.9128780967071095, 0.8188295878023972, 0.7929174901315775, 1.1014671183362292, 0.9492339382748881, 0.9915605734810004, 0.8513636458399084, 0.9444290667304897, 1.0109663866448617, 0.881755418209712, 1.0273912437155, 0.9187385772228982, 0.9346727835806143, 0.8848301574917288, 1.1075821125554752, 0.8946440518175425, 0.7602543108888484, 0.9148243458450903, 0.6736774755337298, 0.7766359338547338, 0.5167271589908852, 0.5339503956264486, 0.6378451098075174, 0.6409065218623119, 0.5308142196924034, 0.4466616934885865, 0.37082016584768474, 0.19416794428892614, 0.2097481360019588, 0.17424665569056205, 0.26371361859524145, 0.12941787226102858, -0.14457608203820574, 0.0006804634414116426, -0.13356427134581428, -0.22569359600394595, -0.15914290390245378, -0.17863260459183472, -0.2488921314140488, -0.4848522877288776, -0.48914775931253174, -0.48055104843305, -0.4695053511505347, -0.6660764100051343, -0.6853348981826732, -0.8233276687794657, -0.8753702367623253, -0.7145092582914123, -0.696945851777689, -0.8732264159424722, -0.7956404845021335, -0.8861906915998179, -1.0095127941751807, -0.9277025980091007, -0.8249987895681818, -0.9934040457919279, -0.8403904103705416, -1.2618486380828495, -0.9166770887454856, -0.985133757637437, -1.0147084880587949, -0.9626354906699914, -1.1536591329041632, -0.9561150490488579, -0.8739207382033436, -0.7336639589734304, -0.9015524517768791, -0.8954253123396546, -0.8263221686502102, -0.6430514968873258, -0.6572039005161436, -0.6957636300632435, -0.5415811857433046, -0.5309330625207934, -0.3893322370471799, -0.5000002214769071, -0.40442867032010404, -0.3512442610117028, -0.39749948199429125, -0.15963921665395214, -0.1004869263557601, -0.06291257399231844, -0.02345871333751494], "predictions": [0.37071725191779664, 0.388020898513993, 0.4062799869346099, 0.42550900883625525, 0.44571007508353777, 0.4668696341709252, 0.48895492396756607, 0.5119103120239283, 0.5356537455009248, 0.560073593235951, 0.5850262072627483, 0.6103345454573091, 0.6357881685716537, 0.6611448467411446, 0.68613388457886, 0.7104611131823578, 0.7338153249135759, 0.7558757717570727, 0.7763202386672445, 0.7948331596480841, 0.8111132728047022, 0.8248804024486148, 0.8358810901870027, 0.8438929449118685, 0.8487277164981797, 0.8502331993345416, 0.8482941293367956, 0.8428322524101051, 0.8338057227485086, 0.8212079503660412, 0.8050659744266443, 0.7854384054115253, 0.7624129631378438, 0.7361036413508171, 0.7066475496956739, 0.6742015129832124, 0.6389385367710928, 0.6010442691706169, 0.5607135960395719, 0.5181474987989785, 0.4735502832865317, 0.42712725929459805, 0.37908291961089446, 0.3296196393869047, 0.27893689400615485, 0.22723097587112698, 0.17469517477375754, 0.1215203687567696, 0.06789594931726882, 0.014010975573423153, -0.03994458078591537, -0.09377866819377365, -0.14729625309077662, -0.20029886957179607, -0.2525847793249822, -0.30394984272874187, -0.3541891180267291, -0.4030991048836124, -0.4504804461117291, -0.49614081451391107, -0.5398976577227438, -0.5815804658477192, -0.6210322710669229, -0.6581101828358098, -0.6926848961794849, -0.7246392653375665, -0.7538661881754779, -0.7802661749125102, -0.8037450576759511, -0.8242123214351406, -0.8415804967306502, -0.8557659539793658, -0.8666912896026965, -0.8742893130634208, -0.8785084512286359, -0.8793192025544856, -0.8767211167674398, -0.8707496614087863, -0.8614822770929882, -0.8490429278831031, -0.8336045277785625, -0.8153887702690154, -0.7946630995005423, -0.771734823344974, -0.7469426538917845, -0.7206462332431526, -0.6932144212959978, -0.6650132509387294, -0.6363944717963296, -0.6076855037040622, -0.5791814247777181, -0.5511393629066671, -0.5237753884409947, -0.4972637618829463, -0.47173820432467944, -0.4472947452615558, -0.42399566185757476, -0.4018740437070355, -0.38093857933846703, -0.36117824575780405], "bandwidth": [0.5]}